"sales1_name","chan1_name","dma1_name","dma2_name"
"Total Sales","Display","ABILENE-TX","Low Stores Low Loyalty"
"Total Sales","Display","ALBANY-GA","Low Stores Low Loyalty"
"Total Sales","Display","ALBANY-NY","Low Stores Medium Loyalty"
"Total Sales","Display","ALBQ/SANTA FE-NM","Medium Stores High Loyalty"
"Total Sales","Display","AMARILLO-TX","Medium Stores Low Loyalty"
"Total Sales","Display","ANCHORAGE-AK","Medium Stores High Loyalty"
"Total Sales","Display","ATLANTA-GA","Medium Stores Low Loyalty"
"Total Sales","Display","AUGUSTA-GA","Medium Stores High Loyalty"
"Total Sales","Display","AUSTIN-TX","Medium Stores Low Loyalty"
"Total Sales","Display","BAKERSFIELD-CA","Medium Stores High Loyalty"
"Total Sales","Display","BALTIMORE-MD","Medium Stores High Loyalty"
"Total Sales","Display","BANGOR-ME","Low Stores Medium Loyalty"
"Total Sales","Display","BATON ROUGE-LA","Low Stores Low Loyalty"
"Total Sales","Display","BEAUMT/PORT ART-TX","Low Stores Low Loyalty"
"Total Sales","Display","BEND-OR","Low Stores Low Loyalty"
"Total Sales","Display","BILLINGS-MT","Medium Stores High Loyalty"
"Total Sales","Display","BILOXI/GULFPORT-MS","Low Stores Low Loyalty"
"Total Sales","Display","BINGHAMTON-NY","Medium Stores High Loyalty"
"Total Sales","Display","BIRMINGHAM-AL","Low Stores Low Loyalty"
"Total Sales","Display","BLUEFIELD-WV","Low Stores Medium Loyalty"
"Total Sales","Display","BOISE-ID","Medium Stores Low Loyalty"
"Total Sales","Display","BOSTON-MA","Medium Stores High Loyalty"
"Total Sales","Display","BOWLING GREEN-KY","Medium Stores High Loyalty"
"Total Sales","Display","BRLGTN-PLATTSBG-VT","Low Stores Medium Loyalty"
"Total Sales","Display","BUFFALO-NY","Medium Stores High Loyalty"
"Total Sales","Display","BUTTE/BOZEMAN-MT","Low Stores Low Loyalty"
"Total Sales","Display","CASPER/RIVERTON-WY","Low Stores Low Loyalty"
"Total Sales","Display","CEDAR RAPIDS-IA","Medium Stores High Loyalty"
"Total Sales","Display","CHARLESTON-SC","Low Stores Low Loyalty"
"Total Sales","Display","CHARLOTTE-NC","Medium Stores Low Loyalty"
"Total Sales","Display","CHARLOTTESVILLE","Low Stores Low Loyalty"
"Total Sales","Display","CHATTANOOGA-TN","Low Stores Low Loyalty"
"Total Sales","Display","CHEYENNE- WY","Low Stores Low Loyalty"
"Total Sales","Display","CHICAGO-IL","High Stores High Loyalty"
"Total Sales","Display","CHICO/REDDING-CA","Medium Stores High Loyalty"
"Total Sales","Display","CHMPGN/SPRINFD-IL","Medium Stores High Loyalty"
"Total Sales","Display","CHRLSTN/HNTNGTN-WV","Low Stores Medium Loyalty"
"Total Sales","Display","CINCINNATI-OH","Medium Stores High Loyalty"
"Total Sales","Display","CLARKSBURG-WV","Low Stores Medium Loyalty"
"Total Sales","Display","CLEVELAND-OH","Medium Stores High Loyalty"
"Total Sales","Display","COLMBA/JEFFRSON-MO","Medium Stores High Loyalty"
"Total Sales","Display","COLMBS/TPLO/WPT-MS","Low Stores Low Loyalty"
"Total Sales","Display","COLORADO SPRNGS-CO","Medium Stores High Loyalty"
"Total Sales","Display","COLUMBIA-SC","Medium Stores High Loyalty"
"Total Sales","Display","COLUMBUS-GA","Low Stores Low Loyalty"
"Total Sales","Display","COLUMBUS-OH","Medium Stores High Loyalty"
"Total Sales","Display","CORPUS CHRISTI-TX","Medium Stores High Loyalty"
"Total Sales","Display","DALLAS-TX","Medium Stores Low Loyalty"
"Total Sales","Display","DAVENPORT-IA","Low Stores Medium Loyalty"
"Total Sales","Display","DAYTON-OH","Medium Stores High Loyalty"
"Total Sales","Display","DENVER-CO","Medium Stores High Loyalty"
"Total Sales","Display","DES MOINES-IA","Medium Stores Low Loyalty"
"Total Sales","Display","DETROIT-MI","Medium Stores High Loyalty"
"Total Sales","Display","DOTHAN-AL","Low Stores Low Loyalty"
"Total Sales","Display","DULUTH-MN","Medium Stores High Loyalty"
"Total Sales","Display","EL PASO-TX","Medium Stores Low Loyalty"
"Total Sales","Display","ELMIRA-NY","Low Stores Medium Loyalty"
"Total Sales","Display","ERIE-PA","Medium Stores High Loyalty"
"Total Sales","Display","EUGENE-OR","Low Stores Low Loyalty"
"Total Sales","Display","EUREKA-CA","Low Stores Low Loyalty"
"Total Sales","Display","EVANSVILLE-IN","Low Stores Medium Loyalty"
"Total Sales","Display","FARGO-ND","Medium Stores High Loyalty"
"Total Sales","Display","FAYETTEVL/FT.SM-AR","Medium Stores Low Loyalty"
"Total Sales","Display","FLAGSTAFF-AZ","Other"
"Total Sales","Display","FLNT/SGNW-BYCT-MI","Low Stores Medium Loyalty"
"Total Sales","Display","FLORNCE/MRTL BE-SC","Medium Stores Low Loyalty"
"Total Sales","Display","FORT MYRS/NAPLS-FL","Low Stores Medium Loyalty"
"Total Sales","Display","FORT WAYNE-IN","Medium Stores High Loyalty"
"Total Sales","Display","FRESNO/VISALIA-CA","Medium Stores Low Loyalty"
"Total Sales","Display","GAINESVILLE-FL","Low Stores Low Loyalty"
"Total Sales","Display","GRD JCT/MNTS-CO","Medium Stores High Loyalty"
"Total Sales","Display","GRD RPD, KMZ-MI","Medium Stores High Loyalty"
"Total Sales","Display","GREENBAY/APLTN-WI","Medium Stores High Loyalty"
"Total Sales","Display","GREENSBORO-NC","Low Stores Medium Loyalty"
"Total Sales","Display","GREENVILLE-NC","Low Stores Low Loyalty"
"Total Sales","Display","GREENVILLE-SC","Low Stores Medium Loyalty"
"Total Sales","Display","HARRISONBURG-VA","Low Stores Medium Loyalty"
"Total Sales","Display","HATTSBURG/LAURL-MS","Low Stores Low Loyalty"
"Total Sales","Display","HBG/LANCAST-PA","Medium Stores High Loyalty"
"Total Sales","Display","HOUSTON-TX","Medium Stores Low Loyalty"
"Total Sales","Display","HUNTSVILLE-AL","Low Stores Medium Loyalty"
"Total Sales","Display","IDHO FLS/POCTLO-ID","Medium Stores Low Loyalty"
"Total Sales","Display","INDIANAPOLIS-IN","Medium Stores High Loyalty"
"Total Sales","Display","JACKSON-MS","Low Stores Low Loyalty"
"Total Sales","Display","JACKSON-TN","Low Stores Low Loyalty"
"Total Sales","Display","JACKSONVILLE-FL","Medium Stores High Loyalty"
"Total Sales","Display","JOHNSTOWN/ALTNA-PA","Low Stores Medium Loyalty"
"Total Sales","Display","JONESBORO-AR","Low Stores Low Loyalty"
"Total Sales","Display","JOPLIN/PTSBURG-MO","Medium Stores High Loyalty"
"Total Sales","Display","KANSAS CT-KS / MO","Medium Stores Low Loyalty"
"Total Sales","Display","KNOXVILLE-TN","Low Stores Medium Loyalty"
"Total Sales","Display","LA CRSE/EAU CL-WI","Medium Stores High Loyalty"
"Total Sales","Display","LAFAYETTE-IN","Medium Stores High Loyalty"
"Total Sales","Display","LAFAYETTE-LA","Low Stores Low Loyalty"
"Total Sales","Display","LAKE CHARLES-LA","Low Stores Low Loyalty"
"Total Sales","Display","LANSING/JACKSON-MI","Medium Stores High Loyalty"
"Total Sales","Display","LAREDO-TX","Medium Stores Low Loyalty"
"Total Sales","Display","LAS VEGAS-NV","Medium Stores Low Loyalty"
"Total Sales","Display","LEXINGTON-KY","Medium Stores Low Loyalty"
"Total Sales","Display","LIMA-OH","Low Stores Medium Loyalty"
"Total Sales","Display","LINCOLN-NE","Medium Stores High Loyalty"
"Total Sales","Display","LITTLE ROCK-AR","Low Stores Low Loyalty"
"Total Sales","Display","LOS ANGELES-CA","High Stores High Loyalty"
"Total Sales","Display","LOUISVILLE-KY","Medium Stores High Loyalty"
"Total Sales","Display","LUBBOCK-TX","Medium Stores High Loyalty"
"Total Sales","Display","MACON-GA","Low Stores Low Loyalty"
"Total Sales","Display","MADISON-WI","Medium Stores High Loyalty"
"Total Sales","Display","MANKATO-MN","Medium Stores High Loyalty"
"Total Sales","Display","MARQUETTE-MI","Low Stores Medium Loyalty"
"Total Sales","Display","MBLE/PNSCOLA-AL/FL","Low Stores Low Loyalty"
"Total Sales","Display","MCALLEN-TX","Medium Stores Low Loyalty"
"Total Sales","Display","MDFRD/KLMATH FA-OR","Low Stores Medium Loyalty"
"Total Sales","Display","MEMPHIS-TN","Low Stores Low Loyalty"
"Total Sales","Display","MIAMI/FT. LDRDA-FL","Medium Stores Low Loyalty"
"Total Sales","Display","MIDLAND-TX","Medium Stores Low Loyalty"
"Total Sales","Display","MILWAUKEE-WI","Medium Stores High Loyalty"
"Total Sales","Display","MINNEAPOLIS-MN","Medium Stores High Loyalty"
"Total Sales","Display","MINOT/BISMARCK-ND","Medium Stores High Loyalty"
"Total Sales","Display","MONROE/EL DORDO-LA","Low Stores Low Loyalty"
"Total Sales","Display","MONTEREY/SALINA-CA","Low Stores Low Loyalty"
"Total Sales","Display","MONTGOMERY-AL","Low Stores Low Loyalty"
"Total Sales","Display","NASHVILLE-TN","Medium Stores Low Loyalty"
"Total Sales","Display","NEW HAVEN/HARTD-CT","Medium Stores High Loyalty"
"Total Sales","Display","NEW ORLEANS-LA","Low Stores Low Loyalty"
"Total Sales","Display","NORFOLK-VA","Medium Stores High Loyalty"
"Total Sales","Display","OKLAHOMA CITY-OK","Medium Stores Low Loyalty"
"Total Sales","Display","OMAHA-NE","Medium Stores Low Loyalty"
"Total Sales","Display","ORLNDO/DYTNA/MB-FL","Medium Stores Low Loyalty"
"Total Sales","Display","PADUCAH-KY","Low Stores Medium Loyalty"
"Total Sales","Display","PALM SPRINGS-CA","Medium Stores Low Loyalty"
"Total Sales","Display","PANAMA CITY-FL","Low Stores Medium Loyalty"
"Total Sales","Display","PARKERSBURG-WV","Low Stores Medium Loyalty"
"Total Sales","Display","PEORIA/BLMNGTN-IL","Medium Stores High Loyalty"
"Total Sales","Display","PHILADELPHIA-PA","Medium Stores High Loyalty"
"Total Sales","Display","PHOENIX-AZ","Medium Stores Low Loyalty"
"Total Sales","Display","PITTSBURGH-PA","Medium Stores High Loyalty"
"Total Sales","Display","PORTLAND-ME","Low Stores Medium Loyalty"
"Total Sales","Display","PORTLAND-OR","Medium Stores Low Loyalty"
"Total Sales","Display","PROVIDENCE-RI","Medium Stores High Loyalty"
"Total Sales","Display","QUINCY-IL","Low Stores Medium Loyalty"
"Total Sales","Display","RALEIGH-NC","Medium Stores Low Loyalty"
"Total Sales","Display","RAPID CITY-SD","Medium Stores High Loyalty"
"Total Sales","Display","RENO-NV","Medium Stores High Loyalty"
"Total Sales","Display","RICHMOND-VA","Medium Stores High Loyalty"
"Total Sales","Display","ROANOKE/LYCHBRG-VA","Low Stores Medium Loyalty"
"Total Sales","Display","ROCHESTER-MN","Medium Stores High Loyalty"
"Total Sales","Display","ROCHESTER-NY","Low Stores Medium Loyalty"
"Total Sales","Display","ROCKFORD-IL","Medium Stores High Loyalty"
"Total Sales","Display","SACRAMENTO-CA","Medium Stores Low Loyalty"
"Total Sales","Display","SALISBURY-MD","Low Stores Medium Loyalty"
"Total Sales","Display","SALT LAKE CITY-UT","Medium Stores Low Loyalty"
"Total Sales","Display","SAN ANTONIO-TX","Medium Stores Low Loyalty"
"Total Sales","Display","SAN DIEGO-CA","Medium Stores Low Loyalty"
"Total Sales","Display","SAN FRANCISCO-CA","Medium Stores Low Loyalty"
"Total Sales","Display","SANTA BARBARA-CA","Medium Stores High Loyalty"
"Total Sales","Display","SEATTLE-WA","Medium Stores Low Loyalty"
"Total Sales","Display","SHERMAN/ADA-TX","Low Stores Low Loyalty"
"Total Sales","Display","SHREVEPORT-LA","Low Stores Low Loyalty"
"Total Sales","Display","SIOUX CITY-IA","Medium Stores High Loyalty"
"Total Sales","Display","SIOUX FALLS-SD","Medium Stores High Loyalty"
"Total Sales","Display","SOUTH BEND-IN","Low Stores Medium Loyalty"
"Total Sales","Display","SPOKANE-WA","Low Stores Low Loyalty"
"Total Sales","Display","SPRINGFIELD-MA","Low Stores Medium Loyalty"
"Total Sales","Display","SPRINGFIELD-MO","Medium Stores High Loyalty"
"Total Sales","Display","ST. GEORGE-UT","Other"
"Total Sales","Display","ST. JOSEPH-MO","Low Stores Low Loyalty"
"Total Sales","Display","ST. LOUIS-MO","Medium Stores High Loyalty"
"Total Sales","Display","SYRACUSE-NY","Low Stores Medium Loyalty"
"Total Sales","Display","TALLHSSE/THMSVL-FL","Low Stores Low Loyalty"
"Total Sales","Display","TERRE HAUTE-IN","Low Stores Medium Loyalty"
"Total Sales","Display","TEXARKANA-TX","Other"
"Total Sales","Display","TMPA/ST.PT/LKLD-FL","Medium Stores Low Loyalty"
"Total Sales","Display","TOLEDO-OH","Medium Stores High Loyalty"
"Total Sales","Display","TOPEKA-KS","Medium Stores High Loyalty"
"Total Sales","Display","TRAVERSE CITY-MI","Low Stores Medium Loyalty"
"Total Sales","Display","TRI CITIES-TN","Low Stores Medium Loyalty"
"Total Sales","Display","TRI-STATE-NY/NJ/CT","High Stores High Loyalty"
"Total Sales","Display","TUCSON-AZ","Medium Stores High Loyalty"
"Total Sales","Display","TULSA-OK","Medium Stores High Loyalty"
"Total Sales","Display","TYLER/LONGVIEW-TX","Low Stores Low Loyalty"
"Total Sales","Display","UTICA-NY","Medium Stores High Loyalty"
"Total Sales","Display","VICTORIA-TX","Low Stores Low Loyalty"
"Total Sales","Display","WACO/TMPL/BRYAN-TX","Medium Stores Low Loyalty"
"Total Sales","Display","WASHINGTON D.C.","Medium Stores High Loyalty"
"Total Sales","Display","WATERTOWN-NY","Medium Stores High Loyalty"
"Total Sales","Display","WAUSAU-WI","Low Stores Medium Loyalty"
"Total Sales","Display","WEST PALM BEACH-FL","Low Stores Medium Loyalty"
"Total Sales","Display","WHEELING-WV","Low Stores Medium Loyalty"
"Total Sales","Display","WICHITA-KS","Medium Stores High Loyalty"
"Total Sales","Display","WILKES-BARRE-PA","Low Stores Medium Loyalty"
"Total Sales","Display","WILMINGTON-NC","Medium Stores High Loyalty"
"Total Sales","Display","YAKIMA-WA","Low Stores Low Loyalty"
"Total Sales","Display","YOUNGSTOWN-OH","Medium Stores High Loyalty"
"Total Sales","Display","YUMA-AZ","Low Stores Low Loyalty"
"Total Sales","Display","ZANESVILLE-OH","Low Stores Medium Loyalty"
"Total Sales","Midweek","ATLANTA-GA","Medium Stores Low Loyalty"
"Total Sales","Midweek","BALTIMORE-MD","Medium Stores High Loyalty"
"Total Sales","Midweek","BOSTON-MA","Medium Stores High Loyalty"
"Total Sales","Midweek","BUFFALO-NY","Medium Stores High Loyalty"
"Total Sales","Midweek","CHARLOTTE-NC","Medium Stores Low Loyalty"
"Total Sales","Midweek","CHICAGO-IL","High Stores High Loyalty"
"Total Sales","Midweek","CLEVELAND-OH","Medium Stores High Loyalty"
"Total Sales","Midweek","COLUMBUS-OH","Medium Stores High Loyalty"
"Total Sales","Midweek","DALLAS-TX","Medium Stores Low Loyalty"
"Total Sales","Midweek","DENVER-CO","Medium Stores High Loyalty"
"Total Sales","Midweek","DETROIT-MI","Medium Stores High Loyalty"
"Total Sales","Midweek","GRD RPD KMZ-MI","Medium Stores High Loyalty"
"Total Sales","Midweek","HBG/LANCAST-PA","Medium Stores High Loyalty"
"Total Sales","Midweek","HOUSTON-TX","Medium Stores Low Loyalty"
"Total Sales","Midweek","INDIANAPOLIS-IN","Medium Stores High Loyalty"
"Total Sales","Midweek","LOS ANGELES-CA","High Stores High Loyalty"
"Total Sales","Midweek","MIAMI/FT. LDRDA-FL","Medium Stores Low Loyalty"
"Total Sales","Midweek","MILWAUKEE-WI","Medium Stores High Loyalty"
"Total Sales","Midweek","MINNEAPOLIS-MN","Medium Stores High Loyalty"
"Total Sales","Midweek","NEW HAVEN/HARTD-CT","Medium Stores High Loyalty"
"Total Sales","Midweek","ORLNDO/DYTNA/MB-FL","Medium Stores Low Loyalty"
"Total Sales","Midweek","PHILADELPHIA-PA","Medium Stores High Loyalty"
"Total Sales","Midweek","PHOENIX-AZ","Medium Stores Low Loyalty"
"Total Sales","Midweek","PITTSBURGH-PA","Medium Stores High Loyalty"
"Total Sales","Midweek","SACRAMENTO-CA","Medium Stores Low Loyalty"
"Total Sales","Midweek","SALT LAKE CITY-UT","Medium Stores Low Loyalty"
"Total Sales","Midweek","SAN DIEGO-CA","Medium Stores Low Loyalty"
"Total Sales","Midweek","SAN FRANCISCO-CA","Medium Stores Low Loyalty"
"Total Sales","Midweek","ST. LOUIS-MO","Medium Stores High Loyalty"
"Total Sales","Midweek","TMPA/ST.PT/LKLD-FL","Medium Stores Low Loyalty"
"Total Sales","Midweek","TRI-STATE-NY/NJ/CT","High Stores High Loyalty"
"Total Sales","Midweek","WASHINGTON D.C.","Medium Stores High Loyalty"
"Total Sales","Paid Search","ABILENE-TX","Low Stores Low Loyalty"
"Total Sales","Paid Search","ALBANY-GA","Low Stores Low Loyalty"
"Total Sales","Paid Search","ALBANY-NY","Low Stores Medium Loyalty"
"Total Sales","Paid Search","ALBQ/SANTA FE-NM","Medium Stores High Loyalty"
"Total Sales","Paid Search","AMARILLO-TX","Medium Stores Low Loyalty"
"Total Sales","Paid Search","ANCHORAGE-AK","Medium Stores High Loyalty"
"Total Sales","Paid Search","ATLANTA-GA","Medium Stores Low Loyalty"
"Total Sales","Paid Search","AUGUSTA-GA","Medium Stores High Loyalty"
"Total Sales","Paid Search","AUSTIN-TX","Medium Stores Low Loyalty"
"Total Sales","Paid Search","BAKERSFIELD-CA","Medium Stores High Loyalty"
"Total Sales","Paid Search","BALTIMORE-MD","Medium Stores High Loyalty"
"Total Sales","Paid Search","BANGOR-ME","Low Stores Medium Loyalty"
"Total Sales","Paid Search","BATON ROUGE-LA","Low Stores Low Loyalty"
"Total Sales","Paid Search","BEAUMT/PORT ART-TX","Low Stores Low Loyalty"
"Total Sales","Paid Search","BEND-OR","Low Stores Low Loyalty"
"Total Sales","Paid Search","BILLINGS-MT","Medium Stores High Loyalty"
"Total Sales","Paid Search","BILOXI/GULFPORT-MS","Low Stores Low Loyalty"
"Total Sales","Paid Search","BINGHAMTON-NY","Medium Stores High Loyalty"
"Total Sales","Paid Search","BIRMINGHAM-AL","Low Stores Low Loyalty"
"Total Sales","Paid Search","BLUEFIELD-WV","Low Stores Medium Loyalty"
"Total Sales","Paid Search","BOISE-ID","Medium Stores Low Loyalty"
"Total Sales","Paid Search","BOSTON-MA","Medium Stores High Loyalty"
"Total Sales","Paid Search","BOWLING GREEN-KY","Medium Stores High Loyalty"
"Total Sales","Paid Search","BRLGTN-PLATTSBG-VT","Low Stores Medium Loyalty"
"Total Sales","Paid Search","BUFFALO-NY","Medium Stores High Loyalty"
"Total Sales","Paid Search","BUTTE/BOZEMAN-MT","Low Stores Low Loyalty"
"Total Sales","Paid Search","CASPER/RIVERTON-WY","Low Stores Low Loyalty"
"Total Sales","Paid Search","CEDAR RAPIDS-IA","Medium Stores High Loyalty"
"Total Sales","Paid Search","CHARLESTON-SC","Low Stores Low Loyalty"
"Total Sales","Paid Search","CHARLOTTE-NC","Medium Stores Low Loyalty"
"Total Sales","Paid Search","CHARLOTTESVILLE","Low Stores Low Loyalty"
"Total Sales","Paid Search","CHATTANOOGA-TN","Low Stores Low Loyalty"
"Total Sales","Paid Search","CHEYENNE- WY","Low Stores Low Loyalty"
"Total Sales","Paid Search","CHICAGO-IL","High Stores High Loyalty"
"Total Sales","Paid Search","CHICO/REDDING-CA","Medium Stores High Loyalty"
"Total Sales","Paid Search","CHMPGN/SPRINFD-IL","Medium Stores High Loyalty"
"Total Sales","Paid Search","CHRLSTN/HNTNGTN-WV","Low Stores Medium Loyalty"
"Total Sales","Paid Search","CINCINNATI-OH","Medium Stores High Loyalty"
"Total Sales","Paid Search","CLARKSBURG-WV","Low Stores Medium Loyalty"
"Total Sales","Paid Search","CLEVELAND-OH","Medium Stores High Loyalty"
"Total Sales","Paid Search","COLMBA/JEFFRSON-MO","Medium Stores High Loyalty"
"Total Sales","Paid Search","COLMBS/TPLO/WPT-MS","Low Stores Low Loyalty"
"Total Sales","Paid Search","COLORADO SPRNGS-CO","Medium Stores High Loyalty"
"Total Sales","Paid Search","COLUMBIA-SC","Medium Stores High Loyalty"
"Total Sales","Paid Search","COLUMBUS-GA","Low Stores Low Loyalty"
"Total Sales","Paid Search","COLUMBUS-OH","Medium Stores High Loyalty"
"Total Sales","Paid Search","CORPUS CHRISTI-TX","Medium Stores High Loyalty"
"Total Sales","Paid Search","DALLAS-TX","Medium Stores Low Loyalty"
"Total Sales","Paid Search","DAVENPORT-IA","Low Stores Medium Loyalty"
"Total Sales","Paid Search","DAYTON-OH","Medium Stores High Loyalty"
"Total Sales","Paid Search","DENVER-CO","Medium Stores High Loyalty"
"Total Sales","Paid Search","DES MOINES-IA","Medium Stores Low Loyalty"
"Total Sales","Paid Search","DETROIT-MI","Medium Stores High Loyalty"
"Total Sales","Paid Search","DOTHAN-AL","Low Stores Low Loyalty"
"Total Sales","Paid Search","DULUTH-MN","Medium Stores High Loyalty"
"Total Sales","Paid Search","EL PASO-TX","Medium Stores Low Loyalty"
"Total Sales","Paid Search","ELMIRA-NY","Low Stores Medium Loyalty"
"Total Sales","Paid Search","ERIE-PA","Medium Stores High Loyalty"
"Total Sales","Paid Search","EUGENE-OR","Low Stores Low Loyalty"
"Total Sales","Paid Search","EUREKA-CA","Low Stores Low Loyalty"
"Total Sales","Paid Search","EVANSVILLE-IN","Low Stores Medium Loyalty"
"Total Sales","Paid Search","FARGO-ND","Medium Stores High Loyalty"
"Total Sales","Paid Search","FAYETTEVL/FT.SM-AR","Medium Stores Low Loyalty"
"Total Sales","Paid Search","FLAGSTAFF-AZ","Other"
"Total Sales","Paid Search","FLNT/SGNW-BYCT-MI","Low Stores Medium Loyalty"
"Total Sales","Paid Search","FLORNCE/MRTL BE-SC","Medium Stores Low Loyalty"
"Total Sales","Paid Search","FORT MYRS/NAPLS-FL","Low Stores Medium Loyalty"
"Total Sales","Paid Search","FORT WAYNE-IN","Medium Stores High Loyalty"
"Total Sales","Paid Search","FRESNO/VISALIA-CA","Medium Stores Low Loyalty"
"Total Sales","Paid Search","GAINESVILLE-FL","Low Stores Low Loyalty"
"Total Sales","Paid Search","GRD JCT/MNTS-CO","Medium Stores High Loyalty"
"Total Sales","Paid Search","GRD RPD, KMZ-MI","Medium Stores High Loyalty"
"Total Sales","Paid Search","GREENBAY/APLTN-WI","Medium Stores High Loyalty"
"Total Sales","Paid Search","GREENSBORO-NC","Low Stores Medium Loyalty"
"Total Sales","Paid Search","GREENVILLE-NC","Low Stores Low Loyalty"
"Total Sales","Paid Search","GREENVILLE-SC","Low Stores Medium Loyalty"
"Total Sales","Paid Search","HARRISONBURG-VA","Low Stores Medium Loyalty"
"Total Sales","Paid Search","HATTSBURG/LAURL-MS","Low Stores Low Loyalty"
"Total Sales","Paid Search","HBG/LANCAST-PA","Medium Stores High Loyalty"
"Total Sales","Paid Search","HOUSTON-TX","Medium Stores Low Loyalty"
"Total Sales","Paid Search","HUNTSVILLE-AL","Low Stores Medium Loyalty"
"Total Sales","Paid Search","IDHO FLS/POCTLO-ID","Medium Stores Low Loyalty"
"Total Sales","Paid Search","INDIANAPOLIS-IN","Medium Stores High Loyalty"
"Total Sales","Paid Search","JACKSON-MS","Low Stores Low Loyalty"
"Total Sales","Paid Search","JACKSON-TN","Low Stores Low Loyalty"
"Total Sales","Paid Search","JACKSONVILLE-FL","Medium Stores High Loyalty"
"Total Sales","Paid Search","JOHNSTOWN/ALTNA-PA","Low Stores Medium Loyalty"
"Total Sales","Paid Search","JONESBORO-AR","Low Stores Low Loyalty"
"Total Sales","Paid Search","JOPLIN/PTSBURG-MO","Medium Stores High Loyalty"
"Total Sales","Paid Search","KANSAS CT-KS / MO","Medium Stores Low Loyalty"
"Total Sales","Paid Search","KNOXVILLE-TN","Low Stores Medium Loyalty"
"Total Sales","Paid Search","LA CRSE/EAU CL-WI","Medium Stores High Loyalty"
"Total Sales","Paid Search","LAFAYETTE-IN","Medium Stores High Loyalty"
"Total Sales","Paid Search","LAFAYETTE-LA","Low Stores Low Loyalty"
"Total Sales","Paid Search","LAKE CHARLES-LA","Low Stores Low Loyalty"
"Total Sales","Paid Search","LANSING/JACKSON-MI","Medium Stores High Loyalty"
"Total Sales","Paid Search","LAREDO-TX","Medium Stores Low Loyalty"
"Total Sales","Paid Search","LAS VEGAS-NV","Medium Stores Low Loyalty"
"Total Sales","Paid Search","LEXINGTON-KY","Medium Stores Low Loyalty"
"Total Sales","Paid Search","LIMA-OH","Low Stores Medium Loyalty"
"Total Sales","Paid Search","LINCOLN-NE","Medium Stores High Loyalty"
"Total Sales","Paid Search","LITTLE ROCK-AR","Low Stores Low Loyalty"
"Total Sales","Paid Search","LOS ANGELES-CA","High Stores High Loyalty"
"Total Sales","Paid Search","LOUISVILLE-KY","Medium Stores High Loyalty"
"Total Sales","Paid Search","LUBBOCK-TX","Medium Stores High Loyalty"
"Total Sales","Paid Search","MACON-GA","Low Stores Low Loyalty"
"Total Sales","Paid Search","MADISON-WI","Medium Stores High Loyalty"
"Total Sales","Paid Search","MANKATO-MN","Medium Stores High Loyalty"
"Total Sales","Paid Search","MARQUETTE-MI","Low Stores Medium Loyalty"
"Total Sales","Paid Search","MBLE/PNSCOLA-AL/FL","Low Stores Low Loyalty"
"Total Sales","Paid Search","MCALLEN-TX","Medium Stores Low Loyalty"
"Total Sales","Paid Search","MDFRD/KLMATH FA-OR","Low Stores Medium Loyalty"
"Total Sales","Paid Search","MEMPHIS-TN","Low Stores Low Loyalty"
"Total Sales","Paid Search","MIAMI/FT. LDRDA-FL","Medium Stores Low Loyalty"
"Total Sales","Paid Search","MIDLAND-TX","Medium Stores Low Loyalty"
"Total Sales","Paid Search","MILWAUKEE-WI","Medium Stores High Loyalty"
"Total Sales","Paid Search","MINNEAPOLIS-MN","Medium Stores High Loyalty"
"Total Sales","Paid Search","MINOT/BISMARCK-ND","Medium Stores High Loyalty"
"Total Sales","Paid Search","MONROE/EL DORDO-LA","Low Stores Low Loyalty"
"Total Sales","Paid Search","MONTEREY/SALINA-CA","Low Stores Low Loyalty"
"Total Sales","Paid Search","MONTGOMERY-AL","Low Stores Low Loyalty"
"Total Sales","Paid Search","NASHVILLE-TN","Medium Stores Low Loyalty"
"Total Sales","Paid Search","NEW HAVEN/HARTD-CT","Medium Stores High Loyalty"
"Total Sales","Paid Search","NEW ORLEANS-LA","Low Stores Low Loyalty"
"Total Sales","Paid Search","NORFOLK-VA","Medium Stores High Loyalty"
"Total Sales","Paid Search","OKLAHOMA CITY-OK","Medium Stores Low Loyalty"
"Total Sales","Paid Search","OMAHA-NE","Medium Stores Low Loyalty"
"Total Sales","Paid Search","ORLNDO/DYTNA/MB-FL","Medium Stores Low Loyalty"
"Total Sales","Paid Search","PADUCAH-KY","Low Stores Medium Loyalty"
"Total Sales","Paid Search","PALM SPRINGS-CA","Medium Stores Low Loyalty"
"Total Sales","Paid Search","PANAMA CITY-FL","Low Stores Medium Loyalty"
"Total Sales","Paid Search","PARKERSBURG-WV","Low Stores Medium Loyalty"
"Total Sales","Paid Search","PEORIA/BLMNGTN-IL","Medium Stores High Loyalty"
"Total Sales","Paid Search","PHILADELPHIA-PA","Medium Stores High Loyalty"
"Total Sales","Paid Search","PHOENIX-AZ","Medium Stores Low Loyalty"
"Total Sales","Paid Search","PITTSBURGH-PA","Medium Stores High Loyalty"
"Total Sales","Paid Search","PORTLAND-ME","Low Stores Medium Loyalty"
"Total Sales","Paid Search","PORTLAND-OR","Medium Stores Low Loyalty"
"Total Sales","Paid Search","PROVIDENCE-RI","Medium Stores High Loyalty"
"Total Sales","Paid Search","QUINCY-IL","Low Stores Medium Loyalty"
"Total Sales","Paid Search","RALEIGH-NC","Medium Stores Low Loyalty"
"Total Sales","Paid Search","RAPID CITY-SD","Medium Stores High Loyalty"
"Total Sales","Paid Search","RENO-NV","Medium Stores High Loyalty"
"Total Sales","Paid Search","RICHMOND-VA","Medium Stores High Loyalty"
"Total Sales","Paid Search","ROANOKE/LYCHBRG-VA","Low Stores Medium Loyalty"
"Total Sales","Paid Search","ROCHESTER-MN","Medium Stores High Loyalty"
"Total Sales","Paid Search","ROCHESTER-NY","Low Stores Medium Loyalty"
"Total Sales","Paid Search","ROCKFORD-IL","Medium Stores High Loyalty"
"Total Sales","Paid Search","SACRAMENTO-CA","Medium Stores Low Loyalty"
"Total Sales","Paid Search","SALISBURY-MD","Low Stores Medium Loyalty"
"Total Sales","Paid Search","SALT LAKE CITY-UT","Medium Stores Low Loyalty"
"Total Sales","Paid Search","SAN ANTONIO-TX","Medium Stores Low Loyalty"
"Total Sales","Paid Search","SAN DIEGO-CA","Medium Stores Low Loyalty"
"Total Sales","Paid Search","SAN FRANCISCO-CA","Medium Stores Low Loyalty"
"Total Sales","Paid Search","SANTA BARBARA-CA","Medium Stores High Loyalty"
"Total Sales","Paid Search","SEATTLE-WA","Medium Stores Low Loyalty"
"Total Sales","Paid Search","SHERMAN/ADA-TX","Low Stores Low Loyalty"
"Total Sales","Paid Search","SHREVEPORT-LA","Low Stores Low Loyalty"
"Total Sales","Paid Search","SIOUX CITY-IA","Medium Stores High Loyalty"
"Total Sales","Paid Search","SIOUX FALLS-SD","Medium Stores High Loyalty"
"Total Sales","Paid Search","SOUTH BEND-IN","Low Stores Medium Loyalty"
"Total Sales","Paid Search","SPOKANE-WA","Low Stores Low Loyalty"
"Total Sales","Paid Search","SPRINGFIELD-MA","Low Stores Medium Loyalty"
"Total Sales","Paid Search","SPRINGFIELD-MO","Medium Stores High Loyalty"
"Total Sales","Paid Search","ST. JOSEPH-MO","Low Stores Low Loyalty"
"Total Sales","Paid Search","ST. LOUIS-MO","Medium Stores High Loyalty"
"Total Sales","Paid Search","SYRACUSE-NY","Low Stores Medium Loyalty"
"Total Sales","Paid Search","TALLHSSE/THMSVL-FL","Low Stores Low Loyalty"
"Total Sales","Paid Search","TERRE HAUTE-IN","Low Stores Medium Loyalty"
"Total Sales","Paid Search","TMPA/ST.PT/LKLD-FL","Medium Stores Low Loyalty"
"Total Sales","Paid Search","TOLEDO-OH","Medium Stores High Loyalty"
"Total Sales","Paid Search","TOPEKA-KS","Medium Stores High Loyalty"
"Total Sales","Paid Search","TRAVERSE CITY-MI","Low Stores Medium Loyalty"
"Total Sales","Paid Search","TRI CITIES-TN","Low Stores Medium Loyalty"
"Total Sales","Paid Search","TRI-STATE-NY/NJ/CT","High Stores High Loyalty"
"Total Sales","Paid Search","TUCSON-AZ","Medium Stores High Loyalty"
"Total Sales","Paid Search","TULSA-OK","Medium Stores High Loyalty"
"Total Sales","Paid Search","TYLER/LONGVIEW-TX","Low Stores Low Loyalty"
"Total Sales","Paid Search","UTICA-NY","Medium Stores High Loyalty"
"Total Sales","Paid Search","VICTORIA-TX","Low Stores Low Loyalty"
"Total Sales","Paid Search","WACO/TMPL/BRYAN-TX","Medium Stores Low Loyalty"
"Total Sales","Paid Search","WASHINGTON D.C.","Medium Stores High Loyalty"
"Total Sales","Paid Search","WATERTOWN-NY","Medium Stores High Loyalty"
"Total Sales","Paid Search","WAUSAU-WI","Low Stores Medium Loyalty"
"Total Sales","Paid Search","WEST PALM BEACH-FL","Low Stores Medium Loyalty"
"Total Sales","Paid Search","WHEELING-WV","Low Stores Medium Loyalty"
"Total Sales","Paid Search","WICHITA-KS","Medium Stores High Loyalty"
"Total Sales","Paid Search","WILKES-BARRE-PA","Low Stores Medium Loyalty"
"Total Sales","Paid Search","WILMINGTON-NC","Medium Stores High Loyalty"
"Total Sales","Paid Search","YAKIMA-WA","Low Stores Low Loyalty"
"Total Sales","Paid Search","YOUNGSTOWN-OH","Medium Stores High Loyalty"
"Total Sales","Paid Search","YUMA-AZ","Low Stores Low Loyalty"
"Total Sales","Paid Search","ZANESVILLE-OH","Low Stores Medium Loyalty"
"Total Sales","Radio","ABILENE-TX","Low Stores Low Loyalty"
"Total Sales","Radio","ALBANY-GA","Low Stores Low Loyalty"
"Total Sales","Radio","ALBANY-NY","Low Stores Medium Loyalty"
"Total Sales","Radio","ALBQ/SANTA FE-NM","Medium Stores High Loyalty"
"Total Sales","Radio","AMARILLO-TX","Medium Stores Low Loyalty"
"Total Sales","Radio","ANCHORAGE-AK","Medium Stores High Loyalty"
"Total Sales","Radio","ATLANTA-GA","Medium Stores Low Loyalty"
"Total Sales","Radio","AUGUSTA-GA","Medium Stores High Loyalty"
"Total Sales","Radio","AUSTIN-TX","Medium Stores Low Loyalty"
"Total Sales","Radio","BAKERSFIELD-CA","Medium Stores High Loyalty"
"Total Sales","Radio","BALTIMORE-MD","Medium Stores High Loyalty"
"Total Sales","Radio","BANGOR-ME","Low Stores Medium Loyalty"
"Total Sales","Radio","BATON ROUGE-LA","Low Stores Low Loyalty"
"Total Sales","Radio","BEAUMT/PORT ART-TX","Low Stores Low Loyalty"
"Total Sales","Radio","BEND-OR","Low Stores Low Loyalty"
"Total Sales","Radio","BILLINGS-MT","Medium Stores High Loyalty"
"Total Sales","Radio","BILOXI/GULFPORT-MS","Low Stores Low Loyalty"
"Total Sales","Radio","BINGHAMTON-NY","Medium Stores High Loyalty"
"Total Sales","Radio","BIRMINGHAM-AL","Low Stores Low Loyalty"
"Total Sales","Radio","BLUEFIELD-WV","Low Stores Medium Loyalty"
"Total Sales","Radio","BOISE-ID","Medium Stores Low Loyalty"
"Total Sales","Radio","BOSTON-MA","Medium Stores High Loyalty"
"Total Sales","Radio","BOWLING GREEN-KY","Medium Stores High Loyalty"
"Total Sales","Radio","BRLGTN-PLATTSBG-VT","Low Stores Medium Loyalty"
"Total Sales","Radio","BUFFALO-NY","Medium Stores High Loyalty"
"Total Sales","Radio","BUTTE/BOZEMAN-MT","Low Stores Low Loyalty"
"Total Sales","Radio","CASPER/RIVERTON-WY","Low Stores Low Loyalty"
"Total Sales","Radio","CEDAR RAPIDS-IA","Medium Stores High Loyalty"
"Total Sales","Radio","CHARLESTON-SC","Low Stores Low Loyalty"
"Total Sales","Radio","CHARLOTTE-NC","Medium Stores Low Loyalty"
"Total Sales","Radio","CHARLOTTESVILLE","Low Stores Low Loyalty"
"Total Sales","Radio","CHATTANOOGA-TN","Low Stores Low Loyalty"
"Total Sales","Radio","CHEYENNE- WY","Low Stores Low Loyalty"
"Total Sales","Radio","CHICAGO-IL","High Stores High Loyalty"
"Total Sales","Radio","CHICO/REDDING-CA","Medium Stores High Loyalty"
"Total Sales","Radio","CHMPGN/SPRINFD-IL","Medium Stores High Loyalty"
"Total Sales","Radio","CHRLSTN/HNTNGTN-WV","Low Stores Medium Loyalty"
"Total Sales","Radio","CINCINNATI-OH","Medium Stores High Loyalty"
"Total Sales","Radio","CLARKSBURG-WV","Low Stores Medium Loyalty"
"Total Sales","Radio","CLEVELAND-OH","Medium Stores High Loyalty"
"Total Sales","Radio","COLMBA/JEFFRSON-MO","Medium Stores High Loyalty"
"Total Sales","Radio","COLMBS/TPLO/WPT-MS","Low Stores Low Loyalty"
"Total Sales","Radio","COLORADO SPRNGS-CO","Medium Stores High Loyalty"
"Total Sales","Radio","COLUMBIA-SC","Medium Stores High Loyalty"
"Total Sales","Radio","COLUMBUS-GA","Low Stores Low Loyalty"
"Total Sales","Radio","COLUMBUS-OH","Medium Stores High Loyalty"
"Total Sales","Radio","CORPUS CHRISTI-TX","Medium Stores High Loyalty"
"Total Sales","Radio","DALLAS-TX","Medium Stores Low Loyalty"
"Total Sales","Radio","DAVENPORT-IA","Low Stores Medium Loyalty"
"Total Sales","Radio","DAYTON-OH","Medium Stores High Loyalty"
"Total Sales","Radio","DENVER-CO","Medium Stores High Loyalty"
"Total Sales","Radio","DES MOINES-IA","Medium Stores Low Loyalty"
"Total Sales","Radio","DETROIT-MI","Medium Stores High Loyalty"
"Total Sales","Radio","DOTHAN-AL","Low Stores Low Loyalty"
"Total Sales","Radio","DULUTH-MN","Medium Stores High Loyalty"
"Total Sales","Radio","EL PASO-TX","Medium Stores Low Loyalty"
"Total Sales","Radio","ELMIRA-NY","Low Stores Medium Loyalty"
"Total Sales","Radio","ERIE-PA","Medium Stores High Loyalty"
"Total Sales","Radio","EUGENE-OR","Low Stores Low Loyalty"
"Total Sales","Radio","EUREKA-CA","Low Stores Low Loyalty"
"Total Sales","Radio","EVANSVILLE-IN","Low Stores Medium Loyalty"
"Total Sales","Radio","FARGO-ND","Medium Stores High Loyalty"
"Total Sales","Radio","FAYETTEVL/FT.SM-AR","Medium Stores Low Loyalty"
"Total Sales","Radio","FLAGSTAFF-AZ","Other"
"Total Sales","Radio","FLNT/SGNW-BYCT-MI","Low Stores Medium Loyalty"
"Total Sales","Radio","FLORNCE/MRTL BE-SC","Medium Stores Low Loyalty"
"Total Sales","Radio","FORT MYRS/NAPLS-FL","Low Stores Medium Loyalty"
"Total Sales","Radio","FORT WAYNE-IN","Medium Stores High Loyalty"
"Total Sales","Radio","FRESNO/VISALIA-CA","Medium Stores Low Loyalty"
"Total Sales","Radio","GAINESVILLE-FL","Low Stores Low Loyalty"
"Total Sales","Radio","GRD JCT/MNTS-CO","Medium Stores High Loyalty"
"Total Sales","Radio","GRD RPD, KMZ-MI","Medium Stores High Loyalty"
"Total Sales","Radio","GREENBAY/APLTN-WI","Medium Stores High Loyalty"
"Total Sales","Radio","GREENSBORO-NC","Low Stores Medium Loyalty"
"Total Sales","Radio","GREENVILLE-NC","Low Stores Low Loyalty"
"Total Sales","Radio","GREENVILLE-SC","Low Stores Medium Loyalty"
"Total Sales","Radio","HARRISONBURG-VA","Low Stores Medium Loyalty"
"Total Sales","Radio","HATTSBURG/LAURL-MS","Low Stores Low Loyalty"
"Total Sales","Radio","HBG/LANCAST-PA","Medium Stores High Loyalty"
"Total Sales","Radio","HOUSTON-TX","Medium Stores Low Loyalty"
"Total Sales","Radio","HUNTSVILLE-AL","Low Stores Medium Loyalty"
"Total Sales","Radio","IDHO FLS/POCTLO-ID","Medium Stores Low Loyalty"
"Total Sales","Radio","INDIANAPOLIS-IN","Medium Stores High Loyalty"
"Total Sales","Radio","JACKSON-MS","Low Stores Low Loyalty"
"Total Sales","Radio","JACKSON-TN","Low Stores Low Loyalty"
"Total Sales","Radio","JACKSONVILLE-FL","Medium Stores High Loyalty"
"Total Sales","Radio","JOHNSTOWN/ALTNA-PA","Low Stores Medium Loyalty"
"Total Sales","Radio","JONESBORO-AR","Low Stores Low Loyalty"
"Total Sales","Radio","JOPLIN/PTSBURG-MO","Medium Stores High Loyalty"
"Total Sales","Radio","KANSAS CT-KS / MO","Medium Stores Low Loyalty"
"Total Sales","Radio","KNOXVILLE-TN","Low Stores Medium Loyalty"
"Total Sales","Radio","LA CRSE/EAU CL-WI","Medium Stores High Loyalty"
"Total Sales","Radio","LAFAYETTE-IN","Medium Stores High Loyalty"
"Total Sales","Radio","LAFAYETTE-LA","Low Stores Low Loyalty"
"Total Sales","Radio","LAKE CHARLES-LA","Low Stores Low Loyalty"
"Total Sales","Radio","LANSING/JACKSON-MI","Medium Stores High Loyalty"
"Total Sales","Radio","LAREDO-TX","Medium Stores Low Loyalty"
"Total Sales","Radio","LAS VEGAS-NV","Medium Stores Low Loyalty"
"Total Sales","Radio","LEXINGTON-KY","Medium Stores Low Loyalty"
"Total Sales","Radio","LIMA-OH","Low Stores Medium Loyalty"
"Total Sales","Radio","LINCOLN-NE","Medium Stores High Loyalty"
"Total Sales","Radio","LITTLE ROCK-AR","Low Stores Low Loyalty"
"Total Sales","Radio","LOS ANGELES-CA","High Stores High Loyalty"
"Total Sales","Radio","LOUISVILLE-KY","Medium Stores High Loyalty"
"Total Sales","Radio","LUBBOCK-TX","Medium Stores High Loyalty"
"Total Sales","Radio","MACON-GA","Low Stores Low Loyalty"
"Total Sales","Radio","MADISON-WI","Medium Stores High Loyalty"
"Total Sales","Radio","MANKATO-MN","Medium Stores High Loyalty"
"Total Sales","Radio","MARQUETTE-MI","Low Stores Medium Loyalty"
"Total Sales","Radio","MBLE/PNSCOLA-AL/FL","Low Stores Low Loyalty"
"Total Sales","Radio","MCALLEN-TX","Medium Stores Low Loyalty"
"Total Sales","Radio","MDFRD/KLMATH FA-OR","Low Stores Medium Loyalty"
"Total Sales","Radio","MEMPHIS-TN","Low Stores Low Loyalty"
"Total Sales","Radio","MIAMI/FT. LDRDA-FL","Medium Stores Low Loyalty"
"Total Sales","Radio","MIDLAND-TX","Medium Stores Low Loyalty"
"Total Sales","Radio","MILWAUKEE-WI","Medium Stores High Loyalty"
"Total Sales","Radio","MINNEAPOLIS-MN","Medium Stores High Loyalty"
"Total Sales","Radio","MINOT/BISMARCK-ND","Medium Stores High Loyalty"
"Total Sales","Radio","MONROE/EL DORDO-LA","Low Stores Low Loyalty"
"Total Sales","Radio","MONTEREY/SALINA-CA","Low Stores Low Loyalty"
"Total Sales","Radio","MONTGOMERY-AL","Low Stores Low Loyalty"
"Total Sales","Radio","NASHVILLE-TN","Medium Stores Low Loyalty"
"Total Sales","Radio","NEW HAVEN/HARTD-CT","Medium Stores High Loyalty"
"Total Sales","Radio","NEW ORLEANS-LA","Low Stores Low Loyalty"
"Total Sales","Radio","NORFOLK-VA","Medium Stores High Loyalty"
"Total Sales","Radio","OKLAHOMA CITY-OK","Medium Stores Low Loyalty"
"Total Sales","Radio","OMAHA-NE","Medium Stores Low Loyalty"
"Total Sales","Radio","ORLNDO/DYTNA/MB-FL","Medium Stores Low Loyalty"
"Total Sales","Radio","PADUCAH-KY","Low Stores Medium Loyalty"
"Total Sales","Radio","PALM SPRINGS-CA","Medium Stores Low Loyalty"
"Total Sales","Radio","PANAMA CITY-FL","Low Stores Medium Loyalty"
"Total Sales","Radio","PARKERSBURG-WV","Low Stores Medium Loyalty"
"Total Sales","Radio","PEORIA/BLMNGTN-IL","Medium Stores High Loyalty"
"Total Sales","Radio","PHILADELPHIA-PA","Medium Stores High Loyalty"
"Total Sales","Radio","PITTSBURGH-PA","Medium Stores High Loyalty"
"Total Sales","Radio","PORTLAND-ME","Low Stores Medium Loyalty"
"Total Sales","Radio","PORTLAND-OR","Medium Stores Low Loyalty"
"Total Sales","Radio","PROVIDENCE-RI","Medium Stores High Loyalty"
"Total Sales","Radio","QUINCY-IL","Low Stores Medium Loyalty"
"Total Sales","Radio","RALEIGH-NC","Medium Stores Low Loyalty"
"Total Sales","Radio","RAPID CITY-SD","Medium Stores High Loyalty"
"Total Sales","Radio","RENO-NV","Medium Stores High Loyalty"
"Total Sales","Radio","RICHMOND-VA","Medium Stores High Loyalty"
"Total Sales","Radio","ROANOKE/LYCHBRG-VA","Low Stores Medium Loyalty"
"Total Sales","Radio","ROCHESTER-MN","Medium Stores High Loyalty"
"Total Sales","Radio","ROCHESTER-NY","Low Stores Medium Loyalty"
"Total Sales","Radio","ROCKFORD-IL","Medium Stores High Loyalty"
"Total Sales","Radio","SACRAMENTO-CA","Medium Stores Low Loyalty"
"Total Sales","Radio","SALISBURY-MD","Low Stores Medium Loyalty"
"Total Sales","Radio","SALT LAKE CITY-UT","Medium Stores Low Loyalty"
"Total Sales","Radio","SAN ANTONIO-TX","Medium Stores Low Loyalty"
"Total Sales","Radio","SAN DIEGO-CA","Medium Stores Low Loyalty"
"Total Sales","Radio","SAN FRANCISCO-CA","Medium Stores Low Loyalty"
"Total Sales","Radio","SANTA BARBARA-CA","Medium Stores High Loyalty"
"Total Sales","Radio","SEATTLE-WA","Medium Stores Low Loyalty"
"Total Sales","Radio","SHERMAN/ADA-TX","Low Stores Low Loyalty"
"Total Sales","Radio","SHREVEPORT-LA","Low Stores Low Loyalty"
"Total Sales","Radio","SIOUX CITY-IA","Medium Stores High Loyalty"
"Total Sales","Radio","SIOUX FALLS-SD","Medium Stores High Loyalty"
"Total Sales","Radio","SOUTH BEND-IN","Low Stores Medium Loyalty"
"Total Sales","Radio","SPOKANE-WA","Low Stores Low Loyalty"
"Total Sales","Radio","SPRINGFIELD-MA","Low Stores Medium Loyalty"
"Total Sales","Radio","SPRINGFIELD-MO","Medium Stores High Loyalty"
"Total Sales","Radio","ST. JOSEPH-MO","Low Stores Low Loyalty"
"Total Sales","Radio","ST. LOUIS-MO","Medium Stores High Loyalty"
"Total Sales","Radio","SYRACUSE-NY","Low Stores Medium Loyalty"
"Total Sales","Radio","TALLHSSE/THMSVL-FL","Low Stores Low Loyalty"
"Total Sales","Radio","TERRE HAUTE-IN","Low Stores Medium Loyalty"
"Total Sales","Radio","TMPA/ST.PT/LKLD-FL","Medium Stores Low Loyalty"
"Total Sales","Radio","TOLEDO-OH","Medium Stores High Loyalty"
"Total Sales","Radio","TOPEKA-KS","Medium Stores High Loyalty"
"Total Sales","Radio","TRAVERSE CITY-MI","Low Stores Medium Loyalty"
"Total Sales","Radio","TRI CITIES-TN","Low Stores Medium Loyalty"
"Total Sales","Radio","TRI-STATE-NY/NJ/CT","High Stores High Loyalty"
"Total Sales","Radio","TUCSON-AZ","Medium Stores High Loyalty"
"Total Sales","Radio","TULSA-OK","Medium Stores High Loyalty"
"Total Sales","Radio","TYLER/LONGVIEW-TX","Low Stores Low Loyalty"
"Total Sales","Radio","UTICA-NY","Medium Stores High Loyalty"
"Total Sales","Radio","VICTORIA-TX","Low Stores Low Loyalty"
"Total Sales","Radio","WACO/TMPL/BRYAN-TX","Medium Stores Low Loyalty"
"Total Sales","Radio","WASHINGTON D.C.","Medium Stores High Loyalty"
"Total Sales","Radio","WATERTOWN-NY","Medium Stores High Loyalty"
"Total Sales","Radio","WAUSAU-WI","Low Stores Medium Loyalty"
"Total Sales","Radio","WEST PALM BEACH-FL","Low Stores Medium Loyalty"
"Total Sales","Radio","WHEELING-WV","Low Stores Medium Loyalty"
"Total Sales","Radio","WICHITA-KS","Medium Stores High Loyalty"
"Total Sales","Radio","WILKES-BARRE-PA","Low Stores Medium Loyalty"
"Total Sales","Radio","WILMINGTON-NC","Medium Stores High Loyalty"
"Total Sales","Radio","YAKIMA-WA","Low Stores Low Loyalty"
"Total Sales","Radio","YOUNGSTOWN-OH","Medium Stores High Loyalty"
"Total Sales","Radio","YUMA-AZ","Low Stores Low Loyalty"
"Total Sales","Radio","ZANESVILLE-OH","Low Stores Medium Loyalty"
"Total Sales","Sunday","ALBANY-NY","Low Stores Medium Loyalty"
"Total Sales","Sunday","ALBQ/SANTA FE-NM","Medium Stores High Loyalty"
"Total Sales","Sunday","ATLANTA-GA","Medium Stores Low Loyalty"
"Total Sales","Sunday","AUSTIN-TX","Medium Stores Low Loyalty"
"Total Sales","Sunday","BALTIMORE-MD","Medium Stores High Loyalty"
"Total Sales","Sunday","BIRMINGHAM-AL","Low Stores Low Loyalty"
"Total Sales","Sunday","BOISE-ID","Medium Stores Low Loyalty"
"Total Sales","Sunday","BOSTON-MA","Medium Stores High Loyalty"
"Total Sales","Sunday","BUFFALO-NY","Medium Stores High Loyalty"
"Total Sales","Sunday","CEDAR RAPIDS-IA","Medium Stores High Loyalty"
"Total Sales","Sunday","CHARLESTON-SC","Low Stores Low Loyalty"
"Total Sales","Sunday","CHARLOTTE-NC","Medium Stores Low Loyalty"
"Total Sales","Sunday","CHATTANOOGA-TN","Low Stores Low Loyalty"
"Total Sales","Sunday","CHICAGO-IL","High Stores High Loyalty"
"Total Sales","Sunday","CHMPGN/SPRINFD-IL","Medium Stores High Loyalty"
"Total Sales","Sunday","CINCINNATI-OH","Medium Stores High Loyalty"
"Total Sales","Sunday","CLEVELAND-OH","Medium Stores High Loyalty"
"Total Sales","Sunday","COLORADO SPRNGS-CO","Medium Stores High Loyalty"
"Total Sales","Sunday","COLUMBIA-SC","Medium Stores High Loyalty"
"Total Sales","Sunday","COLUMBUS-OH","Medium Stores High Loyalty"
"Total Sales","Sunday","DALLAS-TX","Medium Stores Low Loyalty"
"Total Sales","Sunday","DAVENPORT-IA","Low Stores Medium Loyalty"
"Total Sales","Sunday","DAYTON-OH","Medium Stores High Loyalty"
"Total Sales","Sunday","DENVER-CO","Medium Stores High Loyalty"
"Total Sales","Sunday","DES MOINES-IA","Medium Stores Low Loyalty"
"Total Sales","Sunday","DETROIT-MI","Medium Stores High Loyalty"
"Total Sales","Sunday","EL PASO-TX","Medium Stores Low Loyalty"
"Total Sales","Sunday","EUGENE-OR","Low Stores Low Loyalty"
"Total Sales","Sunday","EVANSVILLE-IN","Low Stores Medium Loyalty"
"Total Sales","Sunday","FARGO-ND","Medium Stores High Loyalty"
"Total Sales","Sunday","FAYETTEVL/FT.SM-AR","Medium Stores Low Loyalty"
"Total Sales","Sunday","FLNT/SGNW-BYCT-MI","Low Stores Medium Loyalty"
"Total Sales","Sunday","FORT MYRS/NAPLS-FL","Low Stores Medium Loyalty"
"Total Sales","Sunday","FORT WAYNE-IN","Medium Stores High Loyalty"
"Total Sales","Sunday","FRESNO/VISALIA-CA","Medium Stores Low Loyalty"
"Total Sales","Sunday","GRD RPD KMZ-MI","Medium Stores High Loyalty"
"Total Sales","Sunday","GREENBAY/APLTN-WI","Medium Stores High Loyalty"
"Total Sales","Sunday","GREENSBORO-NC","Low Stores Medium Loyalty"
"Total Sales","Sunday","GREENVILLE-SC","Low Stores Medium Loyalty"
"Total Sales","Sunday","HBG/LANCAST-PA","Medium Stores High Loyalty"
"Total Sales","Sunday","HOUSTON-TX","Medium Stores Low Loyalty"
"Total Sales","Sunday","HUNTSVILLE-AL","Low Stores Medium Loyalty"
"Total Sales","Sunday","INDIANAPOLIS-IN","Medium Stores High Loyalty"
"Total Sales","Sunday","JACKSONVILLE-FL","Medium Stores High Loyalty"
"Total Sales","Sunday","KANSAS CT-KS / MO","Medium Stores Low Loyalty"
"Total Sales","Sunday","KNOXVILLE-TN","Low Stores Medium Loyalty"
"Total Sales","Sunday","LA CRSE/EAU CL-WI","Medium Stores High Loyalty"
"Total Sales","Sunday","LANSING/JACKSON-MI","Medium Stores High Loyalty"
"Total Sales","Sunday","LAS VEGAS-NV","Medium Stores Low Loyalty"
"Total Sales","Sunday","LEXINGTON-KY","Medium Stores Low Loyalty"
"Total Sales","Sunday","LINCOLN-NE","Medium Stores High Loyalty"
"Total Sales","Sunday","LITTLE ROCK-AR","Low Stores Low Loyalty"
"Total Sales","Sunday","LOS ANGELES-CA","High Stores High Loyalty"
"Total Sales","Sunday","LOUISVILLE-KY","Medium Stores High Loyalty"
"Total Sales","Sunday","MADISON-WI","Medium Stores High Loyalty"
"Total Sales","Sunday","MBLE/PNSCOLA-AL/FL","Low Stores Low Loyalty"
"Total Sales","Sunday","MCALLEN-TX","Medium Stores Low Loyalty"
"Total Sales","Sunday","MEMPHIS-TN","Low Stores Low Loyalty"
"Total Sales","Sunday","MIAMI/FT. LDRDA-FL","Medium Stores Low Loyalty"
"Total Sales","Sunday","MILWAUKEE-WI","Medium Stores High Loyalty"
"Total Sales","Sunday","MINNEAPOLIS-MN","Medium Stores High Loyalty"
"Total Sales","Sunday","MONTEREY/SALINA-CA","Low Stores Low Loyalty"
"Total Sales","Sunday","NASHVILLE-TN","Medium Stores Low Loyalty"
"Total Sales","Sunday","NEW HAVEN/HARTD-CT","Medium Stores High Loyalty"
"Total Sales","Sunday","NORFOLK-VA","Medium Stores High Loyalty"
"Total Sales","Sunday","OKLAHOMA CITY-OK","Medium Stores Low Loyalty"
"Total Sales","Sunday","OMAHA-NE","Medium Stores Low Loyalty"
"Total Sales","Sunday","ORLNDO/DYTNA/MB-FL","Medium Stores Low Loyalty"
"Total Sales","Sunday","PADUCAH-KY","Low Stores Medium Loyalty"
"Total Sales","Sunday","PEORIA/BLMNGTN-IL","Medium Stores High Loyalty"
"Total Sales","Sunday","PHILADELPHIA-PA","Medium Stores High Loyalty"
"Total Sales","Sunday","PHOENIX-AZ","Medium Stores Low Loyalty"
"Total Sales","Sunday","PITTSBURGH-PA","Medium Stores High Loyalty"
"Total Sales","Sunday","PORTLAND-ME","Low Stores Medium Loyalty"
"Total Sales","Sunday","PORTLAND-OR","Medium Stores Low Loyalty"
"Total Sales","Sunday","PROVIDENCE-RI","Medium Stores High Loyalty"
"Total Sales","Sunday","RALEIGH-NC","Medium Stores Low Loyalty"
"Total Sales","Sunday","RENO-NV","Medium Stores High Loyalty"
"Total Sales","Sunday","RICHMOND-VA","Medium Stores High Loyalty"
"Total Sales","Sunday","ROANOKE/LYCHBRG-VA","Low Stores Medium Loyalty"
"Total Sales","Sunday","ROCHESTER-NY","Low Stores Medium Loyalty"
"Total Sales","Sunday","SACRAMENTO-CA","Medium Stores Low Loyalty"
"Total Sales","Sunday","SALT LAKE CITY-UT","Medium Stores Low Loyalty"
"Total Sales","Sunday","SAN ANTONIO-TX","Medium Stores Low Loyalty"
"Total Sales","Sunday","SAN DIEGO-CA","Medium Stores Low Loyalty"
"Total Sales","Sunday","SAN FRANCISCO-CA","Medium Stores Low Loyalty"
"Total Sales","Sunday","SANTA BARBARA-CA","Medium Stores High Loyalty"
"Total Sales","Sunday","SEATTLE-WA","Medium Stores Low Loyalty"
"Total Sales","Sunday","SOUTH BEND-IN","Low Stores Medium Loyalty"
"Total Sales","Sunday","SPOKANE-WA","Low Stores Low Loyalty"
"Total Sales","Sunday","SPRINGFIELD-MA","Low Stores Medium Loyalty"
"Total Sales","Sunday","SPRINGFIELD-MO","Medium Stores High Loyalty"
"Total Sales","Sunday","ST. LOUIS-MO","Medium Stores High Loyalty"
"Total Sales","Sunday","SYRACUSE-NY","Low Stores Medium Loyalty"
"Total Sales","Sunday","TMPA/ST.PT/LKLD-FL","Medium Stores Low Loyalty"
"Total Sales","Sunday","TOLEDO-OH","Medium Stores High Loyalty"
"Total Sales","Sunday","TRI CITIES-TN","Low Stores Medium Loyalty"
"Total Sales","Sunday","TRI-STATE-NY/NJ/CT","High Stores High Loyalty"
"Total Sales","Sunday","TUCSON-AZ","Medium Stores High Loyalty"
"Total Sales","Sunday","TULSA-OK","Medium Stores High Loyalty"
"Total Sales","Sunday","WACO/TMPL/BRYAN-TX","Medium Stores Low Loyalty"
"Total Sales","Sunday","WASHINGTON D.C.","Medium Stores High Loyalty"
"Total Sales","Sunday","WEST PALM BEACH-FL","Low Stores Medium Loyalty"
"Total Sales","Sunday","WICHITA-KS","Medium Stores High Loyalty"
"Total Sales","Sunday","WILKES-BARRE-PA","Low Stores Medium Loyalty"
"Total Sales","Sunday","YAKIMA-WA","Low Stores Low Loyalty"
"Total Sales","Sunday","YOUNGSTOWN-OH","Medium Stores High Loyalty"
"Total Sales","TV Brand","ABILENE-TX","Low Stores Low Loyalty"
"Total Sales","TV Brand","ALBANY-GA","Low Stores Low Loyalty"
"Total Sales","TV Brand","ALBANY-NY","Low Stores Medium Loyalty"
"Total Sales","TV Brand","ALBQ/SANTA FE-NM","Medium Stores High Loyalty"
"Total Sales","TV Brand","AMARILLO-TX","Medium Stores Low Loyalty"
"Total Sales","TV Brand","ANCHORAGE-AK","Medium Stores High Loyalty"
"Total Sales","TV Brand","ATLANTA-GA","Medium Stores Low Loyalty"
"Total Sales","TV Brand","AUGUSTA-GA","Medium Stores High Loyalty"
"Total Sales","TV Brand","AUSTIN-TX","Medium Stores Low Loyalty"
"Total Sales","TV Brand","BAKERSFIELD-CA","Medium Stores High Loyalty"
"Total Sales","TV Brand","BALTIMORE-MD","Medium Stores High Loyalty"
"Total Sales","TV Brand","BANGOR-ME","Low Stores Medium Loyalty"
"Total Sales","TV Brand","BATON ROUGE-LA","Low Stores Low Loyalty"
"Total Sales","TV Brand","BEAUMT/PORT ART-TX","Low Stores Low Loyalty"
"Total Sales","TV Brand","BEND-OR","Low Stores Low Loyalty"
"Total Sales","TV Brand","BILLINGS-MT","Medium Stores High Loyalty"
"Total Sales","TV Brand","BILOXI/GULFPORT-MS","Low Stores Low Loyalty"
"Total Sales","TV Brand","BINGHAMTON-NY","Medium Stores High Loyalty"
"Total Sales","TV Brand","BIRMINGHAM-AL","Low Stores Low Loyalty"
"Total Sales","TV Brand","BLUEFIELD-WV","Low Stores Medium Loyalty"
"Total Sales","TV Brand","BOISE-ID","Medium Stores Low Loyalty"
"Total Sales","TV Brand","BOSTON-MA","Medium Stores High Loyalty"
"Total Sales","TV Brand","BOWLING GREEN-KY","Medium Stores High Loyalty"
"Total Sales","TV Brand","BRLGTN-PLATTSBG-VT","Low Stores Medium Loyalty"
"Total Sales","TV Brand","BUFFALO-NY","Medium Stores High Loyalty"
"Total Sales","TV Brand","BUTTE/BOZEMAN-MT","Low Stores Low Loyalty"
"Total Sales","TV Brand","CASPER/RIVERTON-WY","Low Stores Low Loyalty"
"Total Sales","TV Brand","CEDAR RAPIDS-IA","Medium Stores High Loyalty"
"Total Sales","TV Brand","CHARLESTON-SC","Low Stores Low Loyalty"
"Total Sales","TV Brand","CHARLOTTE-NC","Medium Stores Low Loyalty"
"Total Sales","TV Brand","CHARLOTTESVILLE","Low Stores Low Loyalty"
"Total Sales","TV Brand","CHATTANOOGA-TN","Low Stores Low Loyalty"
"Total Sales","TV Brand","CHEYENNE- WY","Low Stores Low Loyalty"
"Total Sales","TV Brand","CHICAGO-IL","High Stores High Loyalty"
"Total Sales","TV Brand","CHICO/REDDING-CA","Medium Stores High Loyalty"
"Total Sales","TV Brand","CHMPGN/SPRINFD-IL","Medium Stores High Loyalty"
"Total Sales","TV Brand","CHRLSTN/HNTNGTN-WV","Low Stores Medium Loyalty"
"Total Sales","TV Brand","CINCINNATI-OH","Medium Stores High Loyalty"
"Total Sales","TV Brand","CLARKSBURG-WV","Low Stores Medium Loyalty"
"Total Sales","TV Brand","CLEVELAND-OH","Medium Stores High Loyalty"
"Total Sales","TV Brand","COLMBA/JEFFRSON-MO","Medium Stores High Loyalty"
"Total Sales","TV Brand","COLMBS/TPLO/WPT-MS","Low Stores Low Loyalty"
"Total Sales","TV Brand","COLORADO SPRNGS-CO","Medium Stores High Loyalty"
"Total Sales","TV Brand","COLUMBIA-SC","Medium Stores High Loyalty"
"Total Sales","TV Brand","COLUMBUS-GA","Low Stores Low Loyalty"
"Total Sales","TV Brand","COLUMBUS-OH","Medium Stores High Loyalty"
"Total Sales","TV Brand","CORPUS CHRISTI-TX","Medium Stores High Loyalty"
"Total Sales","TV Brand","DALLAS-TX","Medium Stores Low Loyalty"
"Total Sales","TV Brand","DAVENPORT-IA","Low Stores Medium Loyalty"
"Total Sales","TV Brand","DAYTON-OH","Medium Stores High Loyalty"
"Total Sales","TV Brand","DENVER-CO","Medium Stores High Loyalty"
"Total Sales","TV Brand","DES MOINES-IA","Medium Stores Low Loyalty"
"Total Sales","TV Brand","DETROIT-MI","Medium Stores High Loyalty"
"Total Sales","TV Brand","DOTHAN-AL","Low Stores Low Loyalty"
"Total Sales","TV Brand","DULUTH-MN","Medium Stores High Loyalty"
"Total Sales","TV Brand","EL PASO-TX","Medium Stores Low Loyalty"
"Total Sales","TV Brand","ELMIRA-NY","Low Stores Medium Loyalty"
"Total Sales","TV Brand","ERIE-PA","Medium Stores High Loyalty"
"Total Sales","TV Brand","EUGENE-OR","Low Stores Low Loyalty"
"Total Sales","TV Brand","EUREKA-CA","Low Stores Low Loyalty"
"Total Sales","TV Brand","EVANSVILLE-IN","Low Stores Medium Loyalty"
"Total Sales","TV Brand","FARGO-ND","Medium Stores High Loyalty"
"Total Sales","TV Brand","FAYETTEVL/FT.SM-AR","Medium Stores Low Loyalty"
"Total Sales","TV Brand","FLAGSTAFF-AZ","Other"
"Total Sales","TV Brand","FLNT/SGNW-BYCT-MI","Low Stores Medium Loyalty"
"Total Sales","TV Brand","FLORNCE/MRTL BE-SC","Medium Stores Low Loyalty"
"Total Sales","TV Brand","FORT MYRS/NAPLS-FL","Low Stores Medium Loyalty"
"Total Sales","TV Brand","FORT WAYNE-IN","Medium Stores High Loyalty"
"Total Sales","TV Brand","FRESNO/VISALIA-CA","Medium Stores Low Loyalty"
"Total Sales","TV Brand","GAINESVILLE-FL","Low Stores Low Loyalty"
"Total Sales","TV Brand","GRD JCT/MNTS-CO","Medium Stores High Loyalty"
"Total Sales","TV Brand","GRD RPD, KMZ-MI","Medium Stores High Loyalty"
"Total Sales","TV Brand","GREENBAY/APLTN-WI","Medium Stores High Loyalty"
"Total Sales","TV Brand","GREENSBORO-NC","Low Stores Medium Loyalty"
"Total Sales","TV Brand","GREENVILLE-NC","Low Stores Low Loyalty"
"Total Sales","TV Brand","GREENVILLE-SC","Low Stores Medium Loyalty"
"Total Sales","TV Brand","HARRISONBURG-VA","Low Stores Medium Loyalty"
"Total Sales","TV Brand","HATTSBURG/LAURL-MS","Low Stores Low Loyalty"
"Total Sales","TV Brand","HBG/LANCAST-PA","Medium Stores High Loyalty"
"Total Sales","TV Brand","HOUSTON-TX","Medium Stores Low Loyalty"
"Total Sales","TV Brand","HUNTSVILLE-AL","Low Stores Medium Loyalty"
"Total Sales","TV Brand","IDHO FLS/POCTLO-ID","Medium Stores Low Loyalty"
"Total Sales","TV Brand","INDIANAPOLIS-IN","Medium Stores High Loyalty"
"Total Sales","TV Brand","JACKSON-MS","Low Stores Low Loyalty"
"Total Sales","TV Brand","JACKSON-TN","Low Stores Low Loyalty"
"Total Sales","TV Brand","JACKSONVILLE-FL","Medium Stores High Loyalty"
"Total Sales","TV Brand","JOHNSTOWN/ALTNA-PA","Low Stores Medium Loyalty"
"Total Sales","TV Brand","JONESBORO-AR","Low Stores Low Loyalty"
"Total Sales","TV Brand","JOPLIN/PTSBURG-MO","Medium Stores High Loyalty"
"Total Sales","TV Brand","KANSAS CT-KS / MO","Medium Stores Low Loyalty"
"Total Sales","TV Brand","KNOXVILLE-TN","Low Stores Medium Loyalty"
"Total Sales","TV Brand","LA CRSE/EAU CL-WI","Medium Stores High Loyalty"
"Total Sales","TV Brand","LAFAYETTE-IN","Medium Stores High Loyalty"
"Total Sales","TV Brand","LAFAYETTE-LA","Low Stores Low Loyalty"
"Total Sales","TV Brand","LAKE CHARLES-LA","Low Stores Low Loyalty"
"Total Sales","TV Brand","LANSING/JACKSON-MI","Medium Stores High Loyalty"
"Total Sales","TV Brand","LAREDO-TX","Medium Stores Low Loyalty"
"Total Sales","TV Brand","LAS VEGAS-NV","Medium Stores Low Loyalty"
"Total Sales","TV Brand","LEXINGTON-KY","Medium Stores Low Loyalty"
"Total Sales","TV Brand","LIMA-OH","Low Stores Medium Loyalty"
"Total Sales","TV Brand","LINCOLN-NE","Medium Stores High Loyalty"
"Total Sales","TV Brand","LITTLE ROCK-AR","Low Stores Low Loyalty"
"Total Sales","TV Brand","LOS ANGELES-CA","High Stores High Loyalty"
"Total Sales","TV Brand","LOUISVILLE-KY","Medium Stores High Loyalty"
"Total Sales","TV Brand","LUBBOCK-TX","Medium Stores High Loyalty"
"Total Sales","TV Brand","MACON-GA","Low Stores Low Loyalty"
"Total Sales","TV Brand","MADISON-WI","Medium Stores High Loyalty"
"Total Sales","TV Brand","MANKATO-MN","Medium Stores High Loyalty"
"Total Sales","TV Brand","MARQUETTE-MI","Low Stores Medium Loyalty"
"Total Sales","TV Brand","MBLE/PNSCOLA-AL/FL","Low Stores Low Loyalty"
"Total Sales","TV Brand","MCALLEN-TX","Medium Stores Low Loyalty"
"Total Sales","TV Brand","MDFRD/KLMATH FA-OR","Low Stores Medium Loyalty"
"Total Sales","TV Brand","MEMPHIS-TN","Low Stores Low Loyalty"
"Total Sales","TV Brand","MIAMI/FT. LDRDA-FL","Medium Stores Low Loyalty"
"Total Sales","TV Brand","MIDLAND-TX","Medium Stores Low Loyalty"
"Total Sales","TV Brand","MILWAUKEE-WI","Medium Stores High Loyalty"
"Total Sales","TV Brand","MINNEAPOLIS-MN","Medium Stores High Loyalty"
"Total Sales","TV Brand","MINOT/BISMARCK-ND","Medium Stores High Loyalty"
"Total Sales","TV Brand","MONROE/EL DORDO-LA","Low Stores Low Loyalty"
"Total Sales","TV Brand","MONTEREY/SALINA-CA","Low Stores Low Loyalty"
"Total Sales","TV Brand","MONTGOMERY-AL","Low Stores Low Loyalty"
"Total Sales","TV Brand","NASHVILLE-TN","Medium Stores Low Loyalty"
"Total Sales","TV Brand","NEW HAVEN/HARTD-CT","Medium Stores High Loyalty"
"Total Sales","TV Brand","NEW ORLEANS-LA","Low Stores Low Loyalty"
"Total Sales","TV Brand","NORFOLK-VA","Medium Stores High Loyalty"
"Total Sales","TV Brand","OKLAHOMA CITY-OK","Medium Stores Low Loyalty"
"Total Sales","TV Brand","OMAHA-NE","Medium Stores Low Loyalty"
"Total Sales","TV Brand","ORLNDO/DYTNA/MB-FL","Medium Stores Low Loyalty"
"Total Sales","TV Brand","PADUCAH-KY","Low Stores Medium Loyalty"
"Total Sales","TV Brand","PALM SPRINGS-CA","Medium Stores Low Loyalty"
"Total Sales","TV Brand","PANAMA CITY-FL","Low Stores Medium Loyalty"
"Total Sales","TV Brand","PARKERSBURG-WV","Low Stores Medium Loyalty"
"Total Sales","TV Brand","PEORIA/BLMNGTN-IL","Medium Stores High Loyalty"
"Total Sales","TV Brand","PHILADELPHIA-PA","Medium Stores High Loyalty"
"Total Sales","TV Brand","PHOENIX-AZ","Medium Stores Low Loyalty"
"Total Sales","TV Brand","PITTSBURGH-PA","Medium Stores High Loyalty"
"Total Sales","TV Brand","PORTLAND-ME","Low Stores Medium Loyalty"
"Total Sales","TV Brand","PORTLAND-OR","Medium Stores Low Loyalty"
"Total Sales","TV Brand","PROVIDENCE-RI","Medium Stores High Loyalty"
"Total Sales","TV Brand","QUINCY-IL","Low Stores Medium Loyalty"
"Total Sales","TV Brand","RALEIGH-NC","Medium Stores Low Loyalty"
"Total Sales","TV Brand","RAPID CITY-SD","Medium Stores High Loyalty"
"Total Sales","TV Brand","RENO-NV","Medium Stores High Loyalty"
"Total Sales","TV Brand","RICHMOND-VA","Medium Stores High Loyalty"
"Total Sales","TV Brand","ROANOKE/LYCHBRG-VA","Low Stores Medium Loyalty"
"Total Sales","TV Brand","ROCHESTER-MN","Medium Stores High Loyalty"
"Total Sales","TV Brand","ROCHESTER-NY","Low Stores Medium Loyalty"
"Total Sales","TV Brand","ROCKFORD-IL","Medium Stores High Loyalty"
"Total Sales","TV Brand","SACRAMENTO-CA","Medium Stores Low Loyalty"
"Total Sales","TV Brand","SALISBURY-MD","Low Stores Medium Loyalty"
"Total Sales","TV Brand","SALT LAKE CITY-UT","Medium Stores Low Loyalty"
"Total Sales","TV Brand","SAN ANTONIO-TX","Medium Stores Low Loyalty"
"Total Sales","TV Brand","SAN DIEGO-CA","Medium Stores Low Loyalty"
"Total Sales","TV Brand","SAN FRANCISCO-CA","Medium Stores Low Loyalty"
"Total Sales","TV Brand","SANTA BARBARA-CA","Medium Stores High Loyalty"
"Total Sales","TV Brand","SEATTLE-WA","Medium Stores Low Loyalty"
"Total Sales","TV Brand","SHERMAN/ADA-TX","Low Stores Low Loyalty"
"Total Sales","TV Brand","SHREVEPORT-LA","Low Stores Low Loyalty"
"Total Sales","TV Brand","SIOUX CITY-IA","Medium Stores High Loyalty"
"Total Sales","TV Brand","SIOUX FALLS-SD","Medium Stores High Loyalty"
"Total Sales","TV Brand","SOUTH BEND-IN","Low Stores Medium Loyalty"
"Total Sales","TV Brand","SPOKANE-WA","Low Stores Low Loyalty"
"Total Sales","TV Brand","SPRINGFIELD-MA","Low Stores Medium Loyalty"
"Total Sales","TV Brand","SPRINGFIELD-MO","Medium Stores High Loyalty"
"Total Sales","TV Brand","ST. JOSEPH-MO","Low Stores Low Loyalty"
"Total Sales","TV Brand","ST. LOUIS-MO","Medium Stores High Loyalty"
"Total Sales","TV Brand","SYRACUSE-NY","Low Stores Medium Loyalty"
"Total Sales","TV Brand","TALLHSSE/THMSVL-FL","Low Stores Low Loyalty"
"Total Sales","TV Brand","TERRE HAUTE-IN","Low Stores Medium Loyalty"
"Total Sales","TV Brand","TMPA/ST.PT/LKLD-FL","Medium Stores Low Loyalty"
"Total Sales","TV Brand","TOLEDO-OH","Medium Stores High Loyalty"
"Total Sales","TV Brand","TOPEKA-KS","Medium Stores High Loyalty"
"Total Sales","TV Brand","TRAVERSE CITY-MI","Low Stores Medium Loyalty"
"Total Sales","TV Brand","TRI CITIES-TN","Low Stores Medium Loyalty"
"Total Sales","TV Brand","TRI-STATE-NY/NJ/CT","High Stores High Loyalty"
"Total Sales","TV Brand","TUCSON-AZ","Medium Stores High Loyalty"
"Total Sales","TV Brand","TULSA-OK","Medium Stores High Loyalty"
"Total Sales","TV Brand","TYLER/LONGVIEW-TX","Low Stores Low Loyalty"
"Total Sales","TV Brand","UTICA-NY","Medium Stores High Loyalty"
"Total Sales","TV Brand","VICTORIA-TX","Low Stores Low Loyalty"
"Total Sales","TV Brand","WACO/TMPL/BRYAN-TX","Medium Stores Low Loyalty"
"Total Sales","TV Brand","WASHINGTON D.C.","Medium Stores High Loyalty"
"Total Sales","TV Brand","WATERTOWN-NY","Medium Stores High Loyalty"
"Total Sales","TV Brand","WAUSAU-WI","Low Stores Medium Loyalty"
"Total Sales","TV Brand","WEST PALM BEACH-FL","Low Stores Medium Loyalty"
"Total Sales","TV Brand","WHEELING-WV","Low Stores Medium Loyalty"
"Total Sales","TV Brand","WICHITA-KS","Medium Stores High Loyalty"
"Total Sales","TV Brand","WILKES-BARRE-PA","Low Stores Medium Loyalty"
"Total Sales","TV Brand","WILMINGTON-NC","Medium Stores High Loyalty"
"Total Sales","TV Brand","YAKIMA-WA","Low Stores Low Loyalty"
"Total Sales","TV Brand","YOUNGSTOWN-OH","Medium Stores High Loyalty"
"Total Sales","TV Brand","YUMA-AZ","Low Stores Low Loyalty"
"Total Sales","TV Brand","ZANESVILLE-OH","Low Stores Medium Loyalty"
"Total Sales","TV Event","ABILENE-TX","Low Stores Low Loyalty"
"Total Sales","TV Event","ALBANY-GA","Low Stores Low Loyalty"
"Total Sales","TV Event","ALBANY-NY","Low Stores Medium Loyalty"
"Total Sales","TV Event","ALBQ/SANTA FE-NM","Medium Stores High Loyalty"
"Total Sales","TV Event","AMARILLO-TX","Medium Stores Low Loyalty"
"Total Sales","TV Event","ANCHORAGE-AK","Medium Stores High Loyalty"
"Total Sales","TV Event","ATLANTA-GA","Medium Stores Low Loyalty"
"Total Sales","TV Event","AUGUSTA-GA","Medium Stores High Loyalty"
"Total Sales","TV Event","AUSTIN-TX","Medium Stores Low Loyalty"
"Total Sales","TV Event","BAKERSFIELD-CA","Medium Stores High Loyalty"
"Total Sales","TV Event","BALTIMORE-MD","Medium Stores High Loyalty"
"Total Sales","TV Event","BANGOR-ME","Low Stores Medium Loyalty"
"Total Sales","TV Event","BATON ROUGE-LA","Low Stores Low Loyalty"
"Total Sales","TV Event","BEAUMT/PORT ART-TX","Low Stores Low Loyalty"
"Total Sales","TV Event","BEND-OR","Low Stores Low Loyalty"
"Total Sales","TV Event","BILLINGS-MT","Medium Stores High Loyalty"
"Total Sales","TV Event","BILOXI/GULFPORT-MS","Low Stores Low Loyalty"
"Total Sales","TV Event","BINGHAMTON-NY","Medium Stores High Loyalty"
"Total Sales","TV Event","BIRMINGHAM-AL","Low Stores Low Loyalty"
"Total Sales","TV Event","BLUEFIELD-WV","Low Stores Medium Loyalty"
"Total Sales","TV Event","BOISE-ID","Medium Stores Low Loyalty"
"Total Sales","TV Event","BOSTON-MA","Medium Stores High Loyalty"
"Total Sales","TV Event","BOWLING GREEN-KY","Medium Stores High Loyalty"
"Total Sales","TV Event","BRLGTN-PLATTSBG-VT","Low Stores Medium Loyalty"
"Total Sales","TV Event","BUFFALO-NY","Medium Stores High Loyalty"
"Total Sales","TV Event","BUTTE/BOZEMAN-MT","Low Stores Low Loyalty"
"Total Sales","TV Event","CASPER/RIVERTON-WY","Low Stores Low Loyalty"
"Total Sales","TV Event","CEDAR RAPIDS-IA","Medium Stores High Loyalty"
"Total Sales","TV Event","CHARLESTON-SC","Low Stores Low Loyalty"
"Total Sales","TV Event","CHARLOTTE-NC","Medium Stores Low Loyalty"
"Total Sales","TV Event","CHARLOTTESVILLE","Low Stores Low Loyalty"
"Total Sales","TV Event","CHATTANOOGA-TN","Low Stores Low Loyalty"
"Total Sales","TV Event","CHEYENNE- WY","Low Stores Low Loyalty"
"Total Sales","TV Event","CHICAGO-IL","High Stores High Loyalty"
"Total Sales","TV Event","CHICO/REDDING-CA","Medium Stores High Loyalty"
"Total Sales","TV Event","CHMPGN/SPRINFD-IL","Medium Stores High Loyalty"
"Total Sales","TV Event","CHRLSTN/HNTNGTN-WV","Low Stores Medium Loyalty"
"Total Sales","TV Event","CINCINNATI-OH","Medium Stores High Loyalty"
"Total Sales","TV Event","CLARKSBURG-WV","Low Stores Medium Loyalty"
"Total Sales","TV Event","CLEVELAND-OH","Medium Stores High Loyalty"
"Total Sales","TV Event","COLMBA/JEFFRSON-MO","Medium Stores High Loyalty"
"Total Sales","TV Event","COLMBS/TPLO/WPT-MS","Low Stores Low Loyalty"
"Total Sales","TV Event","COLORADO SPRNGS-CO","Medium Stores High Loyalty"
"Total Sales","TV Event","COLUMBIA-SC","Medium Stores High Loyalty"
"Total Sales","TV Event","COLUMBUS-GA","Low Stores Low Loyalty"
"Total Sales","TV Event","COLUMBUS-OH","Medium Stores High Loyalty"
"Total Sales","TV Event","CORPUS CHRISTI-TX","Medium Stores High Loyalty"
"Total Sales","TV Event","DALLAS-TX","Medium Stores Low Loyalty"
"Total Sales","TV Event","DAVENPORT-IA","Low Stores Medium Loyalty"
"Total Sales","TV Event","DAYTON-OH","Medium Stores High Loyalty"
"Total Sales","TV Event","DENVER-CO","Medium Stores High Loyalty"
"Total Sales","TV Event","DES MOINES-IA","Medium Stores Low Loyalty"
"Total Sales","TV Event","DETROIT-MI","Medium Stores High Loyalty"
"Total Sales","TV Event","DOTHAN-AL","Low Stores Low Loyalty"
"Total Sales","TV Event","DULUTH-MN","Medium Stores High Loyalty"
"Total Sales","TV Event","EL PASO-TX","Medium Stores Low Loyalty"
"Total Sales","TV Event","ELMIRA-NY","Low Stores Medium Loyalty"
"Total Sales","TV Event","ERIE-PA","Medium Stores High Loyalty"
"Total Sales","TV Event","EUGENE-OR","Low Stores Low Loyalty"
"Total Sales","TV Event","EUREKA-CA","Low Stores Low Loyalty"
"Total Sales","TV Event","EVANSVILLE-IN","Low Stores Medium Loyalty"
"Total Sales","TV Event","FARGO-ND","Medium Stores High Loyalty"
"Total Sales","TV Event","FAYETTEVL/FT.SM-AR","Medium Stores Low Loyalty"
"Total Sales","TV Event","FLAGSTAFF-AZ","Other"
"Total Sales","TV Event","FLNT/SGNW-BYCT-MI","Low Stores Medium Loyalty"
"Total Sales","TV Event","FLORNCE/MRTL BE-SC","Medium Stores Low Loyalty"
"Total Sales","TV Event","FORT MYRS/NAPLS-FL","Low Stores Medium Loyalty"
"Total Sales","TV Event","FORT WAYNE-IN","Medium Stores High Loyalty"
"Total Sales","TV Event","FRESNO/VISALIA-CA","Medium Stores Low Loyalty"
"Total Sales","TV Event","GAINESVILLE-FL","Low Stores Low Loyalty"
"Total Sales","TV Event","GRD JCT/MNTS-CO","Medium Stores High Loyalty"
"Total Sales","TV Event","GRD RPD, KMZ-MI","Medium Stores High Loyalty"
"Total Sales","TV Event","GREENBAY/APLTN-WI","Medium Stores High Loyalty"
"Total Sales","TV Event","GREENSBORO-NC","Low Stores Medium Loyalty"
"Total Sales","TV Event","GREENVILLE-NC","Low Stores Low Loyalty"
"Total Sales","TV Event","GREENVILLE-SC","Low Stores Medium Loyalty"
"Total Sales","TV Event","HARRISONBURG-VA","Low Stores Medium Loyalty"
"Total Sales","TV Event","HATTSBURG/LAURL-MS","Low Stores Low Loyalty"
"Total Sales","TV Event","HBG/LANCAST-PA","Medium Stores High Loyalty"
"Total Sales","TV Event","HOUSTON-TX","Medium Stores Low Loyalty"
"Total Sales","TV Event","HUNTSVILLE-AL","Low Stores Medium Loyalty"
"Total Sales","TV Event","IDHO FLS/POCTLO-ID","Medium Stores Low Loyalty"
"Total Sales","TV Event","INDIANAPOLIS-IN","Medium Stores High Loyalty"
"Total Sales","TV Event","JACKSON-MS","Low Stores Low Loyalty"
"Total Sales","TV Event","JACKSON-TN","Low Stores Low Loyalty"
"Total Sales","TV Event","JACKSONVILLE-FL","Medium Stores High Loyalty"
"Total Sales","TV Event","JOHNSTOWN/ALTNA-PA","Low Stores Medium Loyalty"
"Total Sales","TV Event","JONESBORO-AR","Low Stores Low Loyalty"
"Total Sales","TV Event","JOPLIN/PTSBURG-MO","Medium Stores High Loyalty"
"Total Sales","TV Event","KANSAS CT-KS / MO","Medium Stores Low Loyalty"
"Total Sales","TV Event","KNOXVILLE-TN","Low Stores Medium Loyalty"
"Total Sales","TV Event","LA CRSE/EAU CL-WI","Medium Stores High Loyalty"
"Total Sales","TV Event","LAFAYETTE-IN","Medium Stores High Loyalty"
"Total Sales","TV Event","LAFAYETTE-LA","Low Stores Low Loyalty"
"Total Sales","TV Event","LAKE CHARLES-LA","Low Stores Low Loyalty"
"Total Sales","TV Event","LANSING/JACKSON-MI","Medium Stores High Loyalty"
"Total Sales","TV Event","LAREDO-TX","Medium Stores Low Loyalty"
"Total Sales","TV Event","LAS VEGAS-NV","Medium Stores Low Loyalty"
"Total Sales","TV Event","LEXINGTON-KY","Medium Stores Low Loyalty"
"Total Sales","TV Event","LIMA-OH","Low Stores Medium Loyalty"
"Total Sales","TV Event","LINCOLN-NE","Medium Stores High Loyalty"
"Total Sales","TV Event","LITTLE ROCK-AR","Low Stores Low Loyalty"
"Total Sales","TV Event","LOS ANGELES-CA","High Stores High Loyalty"
"Total Sales","TV Event","LOUISVILLE-KY","Medium Stores High Loyalty"
"Total Sales","TV Event","LUBBOCK-TX","Medium Stores High Loyalty"
"Total Sales","TV Event","MACON-GA","Low Stores Low Loyalty"
"Total Sales","TV Event","MADISON-WI","Medium Stores High Loyalty"
"Total Sales","TV Event","MANKATO-MN","Medium Stores High Loyalty"
"Total Sales","TV Event","MARQUETTE-MI","Low Stores Medium Loyalty"
"Total Sales","TV Event","MBLE/PNSCOLA-AL/FL","Low Stores Low Loyalty"
"Total Sales","TV Event","MCALLEN-TX","Medium Stores Low Loyalty"
"Total Sales","TV Event","MDFRD/KLMATH FA-OR","Low Stores Medium Loyalty"
"Total Sales","TV Event","MEMPHIS-TN","Low Stores Low Loyalty"
"Total Sales","TV Event","MIAMI/FT. LDRDA-FL","Medium Stores Low Loyalty"
"Total Sales","TV Event","MIDLAND-TX","Medium Stores Low Loyalty"
"Total Sales","TV Event","MILWAUKEE-WI","Medium Stores High Loyalty"
"Total Sales","TV Event","MINNEAPOLIS-MN","Medium Stores High Loyalty"
"Total Sales","TV Event","MINOT/BISMARCK-ND","Medium Stores High Loyalty"
"Total Sales","TV Event","MONROE/EL DORDO-LA","Low Stores Low Loyalty"
"Total Sales","TV Event","MONTEREY/SALINA-CA","Low Stores Low Loyalty"
"Total Sales","TV Event","MONTGOMERY-AL","Low Stores Low Loyalty"
"Total Sales","TV Event","NASHVILLE-TN","Medium Stores Low Loyalty"
"Total Sales","TV Event","NEW HAVEN/HARTD-CT","Medium Stores High Loyalty"
"Total Sales","TV Event","NEW ORLEANS-LA","Low Stores Low Loyalty"
"Total Sales","TV Event","NORFOLK-VA","Medium Stores High Loyalty"
"Total Sales","TV Event","OKLAHOMA CITY-OK","Medium Stores Low Loyalty"
"Total Sales","TV Event","OMAHA-NE","Medium Stores Low Loyalty"
"Total Sales","TV Event","ORLNDO/DYTNA/MB-FL","Medium Stores Low Loyalty"
"Total Sales","TV Event","PADUCAH-KY","Low Stores Medium Loyalty"
"Total Sales","TV Event","PALM SPRINGS-CA","Medium Stores Low Loyalty"
"Total Sales","TV Event","PANAMA CITY-FL","Low Stores Medium Loyalty"
"Total Sales","TV Event","PARKERSBURG-WV","Low Stores Medium Loyalty"
"Total Sales","TV Event","PEORIA/BLMNGTN-IL","Medium Stores High Loyalty"
"Total Sales","TV Event","PHILADELPHIA-PA","Medium Stores High Loyalty"
"Total Sales","TV Event","PHOENIX-AZ","Medium Stores Low Loyalty"
"Total Sales","TV Event","PITTSBURGH-PA","Medium Stores High Loyalty"
"Total Sales","TV Event","PORTLAND-ME","Low Stores Medium Loyalty"
"Total Sales","TV Event","PORTLAND-OR","Medium Stores Low Loyalty"
"Total Sales","TV Event","PROVIDENCE-RI","Medium Stores High Loyalty"
"Total Sales","TV Event","QUINCY-IL","Low Stores Medium Loyalty"
"Total Sales","TV Event","RALEIGH-NC","Medium Stores Low Loyalty"
"Total Sales","TV Event","RAPID CITY-SD","Medium Stores High Loyalty"
"Total Sales","TV Event","RENO-NV","Medium Stores High Loyalty"
"Total Sales","TV Event","RICHMOND-VA","Medium Stores High Loyalty"
"Total Sales","TV Event","ROANOKE/LYCHBRG-VA","Low Stores Medium Loyalty"
"Total Sales","TV Event","ROCHESTER-MN","Medium Stores High Loyalty"
"Total Sales","TV Event","ROCHESTER-NY","Low Stores Medium Loyalty"
"Total Sales","TV Event","ROCKFORD-IL","Medium Stores High Loyalty"
"Total Sales","TV Event","SACRAMENTO-CA","Medium Stores Low Loyalty"
"Total Sales","TV Event","SALISBURY-MD","Low Stores Medium Loyalty"
"Total Sales","TV Event","SALT LAKE CITY-UT","Medium Stores Low Loyalty"
"Total Sales","TV Event","SAN ANTONIO-TX","Medium Stores Low Loyalty"
"Total Sales","TV Event","SAN DIEGO-CA","Medium Stores Low Loyalty"
"Total Sales","TV Event","SAN FRANCISCO-CA","Medium Stores Low Loyalty"
"Total Sales","TV Event","SANTA BARBARA-CA","Medium Stores High Loyalty"
"Total Sales","TV Event","SEATTLE-WA","Medium Stores Low Loyalty"
"Total Sales","TV Event","SHERMAN/ADA-TX","Low Stores Low Loyalty"
"Total Sales","TV Event","SHREVEPORT-LA","Low Stores Low Loyalty"
"Total Sales","TV Event","SIOUX CITY-IA","Medium Stores High Loyalty"
"Total Sales","TV Event","SIOUX FALLS-SD","Medium Stores High Loyalty"
"Total Sales","TV Event","SOUTH BEND-IN","Low Stores Medium Loyalty"
"Total Sales","TV Event","SPOKANE-WA","Low Stores Low Loyalty"
"Total Sales","TV Event","SPRINGFIELD-MA","Low Stores Medium Loyalty"
"Total Sales","TV Event","SPRINGFIELD-MO","Medium Stores High Loyalty"
"Total Sales","TV Event","ST. JOSEPH-MO","Low Stores Low Loyalty"
"Total Sales","TV Event","ST. LOUIS-MO","Medium Stores High Loyalty"
"Total Sales","TV Event","SYRACUSE-NY","Low Stores Medium Loyalty"
"Total Sales","TV Event","TALLHSSE/THMSVL-FL","Low Stores Low Loyalty"
"Total Sales","TV Event","TERRE HAUTE-IN","Low Stores Medium Loyalty"
"Total Sales","TV Event","TMPA/ST.PT/LKLD-FL","Medium Stores Low Loyalty"
"Total Sales","TV Event","TOLEDO-OH","Medium Stores High Loyalty"
"Total Sales","TV Event","TOPEKA-KS","Medium Stores High Loyalty"
"Total Sales","TV Event","TRAVERSE CITY-MI","Low Stores Medium Loyalty"
"Total Sales","TV Event","TRI CITIES-TN","Low Stores Medium Loyalty"
"Total Sales","TV Event","TRI-STATE-NY/NJ/CT","High Stores High Loyalty"
"Total Sales","TV Event","TUCSON-AZ","Medium Stores High Loyalty"
"Total Sales","TV Event","TULSA-OK","Medium Stores High Loyalty"
"Total Sales","TV Event","TYLER/LONGVIEW-TX","Low Stores Low Loyalty"
"Total Sales","TV Event","UTICA-NY","Medium Stores High Loyalty"
"Total Sales","TV Event","VICTORIA-TX","Low Stores Low Loyalty"
"Total Sales","TV Event","WACO/TMPL/BRYAN-TX","Medium Stores Low Loyalty"
"Total Sales","TV Event","WASHINGTON D.C.","Medium Stores High Loyalty"
"Total Sales","TV Event","WATERTOWN-NY","Medium Stores High Loyalty"
"Total Sales","TV Event","WAUSAU-WI","Low Stores Medium Loyalty"
"Total Sales","TV Event","WEST PALM BEACH-FL","Low Stores Medium Loyalty"
"Total Sales","TV Event","WHEELING-WV","Low Stores Medium Loyalty"
"Total Sales","TV Event","WICHITA-KS","Medium Stores High Loyalty"
"Total Sales","TV Event","WILKES-BARRE-PA","Low Stores Medium Loyalty"
"Total Sales","TV Event","WILMINGTON-NC","Medium Stores High Loyalty"
"Total Sales","TV Event","YAKIMA-WA","Low Stores Low Loyalty"
"Total Sales","TV Event","YOUNGSTOWN-OH","Medium Stores High Loyalty"
"Total Sales","TV Event","YUMA-AZ","Low Stores Low Loyalty"
"Total Sales","TV Event","ZANESVILLE-OH","Low Stores Medium Loyalty"
"Total Sales","Weekend","ALBANY-NY","Low Stores Medium Loyalty"
"Total Sales","Weekend","ALBQ/SANTA FE-NM","Medium Stores High Loyalty"
"Total Sales","Weekend","ATLANTA-GA","Medium Stores Low Loyalty"
"Total Sales","Weekend","AUSTIN-TX","Medium Stores Low Loyalty"
"Total Sales","Weekend","BAKERSFIELD-CA","Medium Stores High Loyalty"
"Total Sales","Weekend","BALTIMORE-MD","Medium Stores High Loyalty"
"Total Sales","Weekend","BIRMINGHAM-AL","Low Stores Low Loyalty"
"Total Sales","Weekend","BOISE-ID","Medium Stores Low Loyalty"
"Total Sales","Weekend","BOSTON-MA","Medium Stores High Loyalty"
"Total Sales","Weekend","BUFFALO-NY","Medium Stores High Loyalty"
"Total Sales","Weekend","CEDAR RAPIDS-IA","Medium Stores High Loyalty"
"Total Sales","Weekend","CHARLESTON-SC","Low Stores Low Loyalty"
"Total Sales","Weekend","CHARLOTTE-NC","Medium Stores Low Loyalty"
"Total Sales","Weekend","CHATTANOOGA-TN","Low Stores Low Loyalty"
"Total Sales","Weekend","CHICAGO-IL","High Stores High Loyalty"
"Total Sales","Weekend","CHICO/REDDING-CA","Medium Stores High Loyalty"
"Total Sales","Weekend","CHMPGN/SPRINFD-IL","Medium Stores High Loyalty"
"Total Sales","Weekend","CHRLSTN/HNTNGTN-WV","Low Stores Medium Loyalty"
"Total Sales","Weekend","CINCINNATI-OH","Medium Stores High Loyalty"
"Total Sales","Weekend","CLEVELAND-OH","Medium Stores High Loyalty"
"Total Sales","Weekend","COLMBA/JEFFRSON-MO","Medium Stores High Loyalty"
"Total Sales","Weekend","COLORADO SPRNGS-CO","Medium Stores High Loyalty"
"Total Sales","Weekend","COLUMBIA-SC","Medium Stores High Loyalty"
"Total Sales","Weekend","COLUMBUS-GA","Low Stores Low Loyalty"
"Total Sales","Weekend","COLUMBUS-OH","Medium Stores High Loyalty"
"Total Sales","Weekend","DALLAS-TX","Medium Stores Low Loyalty"
"Total Sales","Weekend","DAVENPORT-IA","Low Stores Medium Loyalty"
"Total Sales","Weekend","DAYTON-OH","Medium Stores High Loyalty"
"Total Sales","Weekend","DENVER-CO","Medium Stores High Loyalty"
"Total Sales","Weekend","DES MOINES-IA","Medium Stores Low Loyalty"
"Total Sales","Weekend","DETROIT-MI","Medium Stores High Loyalty"
"Total Sales","Weekend","EL PASO-TX","Medium Stores Low Loyalty"
"Total Sales","Weekend","ERIE-PA","Medium Stores High Loyalty"
"Total Sales","Weekend","EUGENE-OR","Low Stores Low Loyalty"
"Total Sales","Weekend","EVANSVILLE-IN","Low Stores Medium Loyalty"
"Total Sales","Weekend","FARGO-ND","Medium Stores High Loyalty"
"Total Sales","Weekend","FAYETTEVL/FT.SM-AR","Medium Stores Low Loyalty"
"Total Sales","Weekend","FLNT/SGNW-BYCT-MI","Low Stores Medium Loyalty"
"Total Sales","Weekend","FLORNCE/MRTL BE-SC","Medium Stores Low Loyalty"
"Total Sales","Weekend","FORT MYRS/NAPLS-FL","Low Stores Medium Loyalty"
"Total Sales","Weekend","FORT WAYNE-IN","Medium Stores High Loyalty"
"Total Sales","Weekend","FRESNO/VISALIA-CA","Medium Stores Low Loyalty"
"Total Sales","Weekend","GRD RPD KMZ-MI","Medium Stores High Loyalty"
"Total Sales","Weekend","GREENBAY/APLTN-WI","Medium Stores High Loyalty"
"Total Sales","Weekend","GREENSBORO-NC","Low Stores Medium Loyalty"
"Total Sales","Weekend","GREENVILLE-SC","Low Stores Medium Loyalty"
"Total Sales","Weekend","HARRISONBURG-VA","Low Stores Medium Loyalty"
"Total Sales","Weekend","HBG/LANCAST-PA","Medium Stores High Loyalty"
"Total Sales","Weekend","HOUSTON-TX","Medium Stores Low Loyalty"
"Total Sales","Weekend","HUNTSVILLE-AL","Low Stores Medium Loyalty"
"Total Sales","Weekend","INDIANAPOLIS-IN","Medium Stores High Loyalty"
"Total Sales","Weekend","JACKSONVILLE-FL","Medium Stores High Loyalty"
"Total Sales","Weekend","JOHNSTOWN/ALTNA-PA","Low Stores Medium Loyalty"
"Total Sales","Weekend","KANSAS CT-KS / MO","Medium Stores Low Loyalty"
"Total Sales","Weekend","KNOXVILLE-TN","Low Stores Medium Loyalty"
"Total Sales","Weekend","LA CRSE/EAU CL-WI","Medium Stores High Loyalty"
"Total Sales","Weekend","LANSING/JACKSON-MI","Medium Stores High Loyalty"
"Total Sales","Weekend","LAS VEGAS-NV","Medium Stores Low Loyalty"
"Total Sales","Weekend","LEXINGTON-KY","Medium Stores Low Loyalty"
"Total Sales","Weekend","LINCOLN-NE","Medium Stores High Loyalty"
"Total Sales","Weekend","LITTLE ROCK-AR","Low Stores Low Loyalty"
"Total Sales","Weekend","LOS ANGELES-CA","High Stores High Loyalty"
"Total Sales","Weekend","LOUISVILLE-KY","Medium Stores High Loyalty"
"Total Sales","Weekend","MADISON-WI","Medium Stores High Loyalty"
"Total Sales","Weekend","MBLE/PNSCOLA-AL/FL","Low Stores Low Loyalty"
"Total Sales","Weekend","MCALLEN-TX","Medium Stores Low Loyalty"
"Total Sales","Weekend","MEMPHIS-TN","Low Stores Low Loyalty"
"Total Sales","Weekend","MIAMI/FT. LDRDA-FL","Medium Stores Low Loyalty"
"Total Sales","Weekend","MILWAUKEE-WI","Medium Stores High Loyalty"
"Total Sales","Weekend","MINNEAPOLIS-MN","Medium Stores High Loyalty"
"Total Sales","Weekend","MONTEREY/SALINA-CA","Low Stores Low Loyalty"
"Total Sales","Weekend","NASHVILLE-TN","Medium Stores Low Loyalty"
"Total Sales","Weekend","NEW HAVEN/HARTD-CT","Medium Stores High Loyalty"
"Total Sales","Weekend","NEW ORLEANS-LA","Low Stores Low Loyalty"
"Total Sales","Weekend","NORFOLK-VA","Medium Stores High Loyalty"
"Total Sales","Weekend","OKLAHOMA CITY-OK","Medium Stores Low Loyalty"
"Total Sales","Weekend","OMAHA-NE","Medium Stores Low Loyalty"
"Total Sales","Weekend","ORLNDO/DYTNA/MB-FL","Medium Stores Low Loyalty"
"Total Sales","Weekend","PADUCAH-KY","Low Stores Medium Loyalty"
"Total Sales","Weekend","PALM SPRINGS-CA","Medium Stores Low Loyalty"
"Total Sales","Weekend","PEORIA/BLMNGTN-IL","Medium Stores High Loyalty"
"Total Sales","Weekend","PHILADELPHIA-PA","Medium Stores High Loyalty"
"Total Sales","Weekend","PHOENIX-AZ","Medium Stores Low Loyalty"
"Total Sales","Weekend","PITTSBURGH-PA","Medium Stores High Loyalty"
"Total Sales","Weekend","PORTLAND-ME","Low Stores Medium Loyalty"
"Total Sales","Weekend","PORTLAND-OR","Medium Stores Low Loyalty"
"Total Sales","Weekend","PROVIDENCE-RI","Medium Stores High Loyalty"
"Total Sales","Weekend","RALEIGH-NC","Medium Stores Low Loyalty"
"Total Sales","Weekend","RENO-NV","Medium Stores High Loyalty"
"Total Sales","Weekend","RICHMOND-VA","Medium Stores High Loyalty"
"Total Sales","Weekend","ROANOKE/LYCHBRG-VA","Low Stores Medium Loyalty"
"Total Sales","Weekend","ROCHESTER-MN","Medium Stores High Loyalty"
"Total Sales","Weekend","ROCHESTER-NY","Low Stores Medium Loyalty"
"Total Sales","Weekend","ROCKFORD-IL","Medium Stores High Loyalty"
"Total Sales","Weekend","SACRAMENTO-CA","Medium Stores Low Loyalty"
"Total Sales","Weekend","SALT LAKE CITY-UT","Medium Stores Low Loyalty"
"Total Sales","Weekend","SAN ANTONIO-TX","Medium Stores Low Loyalty"
"Total Sales","Weekend","SAN DIEGO-CA","Medium Stores Low Loyalty"
"Total Sales","Weekend","SAN FRANCISCO-CA","Medium Stores Low Loyalty"
"Total Sales","Weekend","SANTA BARBARA-CA","Medium Stores High Loyalty"
"Total Sales","Weekend","SEATTLE-WA","Medium Stores Low Loyalty"
"Total Sales","Weekend","SOUTH BEND-IN","Low Stores Medium Loyalty"
"Total Sales","Weekend","SPOKANE-WA","Low Stores Low Loyalty"
"Total Sales","Weekend","SPRINGFIELD-MA","Low Stores Medium Loyalty"
"Total Sales","Weekend","SPRINGFIELD-MO","Medium Stores High Loyalty"
"Total Sales","Weekend","ST. LOUIS-MO","Medium Stores High Loyalty"
"Total Sales","Weekend","SYRACUSE-NY","Low Stores Medium Loyalty"
"Total Sales","Weekend","TALLHSSE/THMSVL-FL","Low Stores Low Loyalty"
"Total Sales","Weekend","TMPA/ST.PT/LKLD-FL","Medium Stores Low Loyalty"
"Total Sales","Weekend","TOLEDO-OH","Medium Stores High Loyalty"
"Total Sales","Weekend","TRAVERSE CITY-MI","Low Stores Medium Loyalty"
"Total Sales","Weekend","TRI CITIES-TN","Low Stores Medium Loyalty"
"Total Sales","Weekend","TRI-STATE-NY/NJ/CT","High Stores High Loyalty"
"Total Sales","Weekend","TUCSON-AZ","Medium Stores High Loyalty"
"Total Sales","Weekend","TULSA-OK","Medium Stores High Loyalty"
"Total Sales","Weekend","WACO/TMPL/BRYAN-TX","Medium Stores Low Loyalty"
"Total Sales","Weekend","WASHINGTON D.C.","Medium Stores High Loyalty"
"Total Sales","Weekend","WAUSAU-WI","Low Stores Medium Loyalty"
"Total Sales","Weekend","WEST PALM BEACH-FL","Low Stores Medium Loyalty"
"Total Sales","Weekend","WICHITA-KS","Medium Stores High Loyalty"
"Total Sales","Weekend","WILKES-BARRE-PA","Low Stores Medium Loyalty"
"Total Sales","Weekend","YAKIMA-WA","Low Stores Low Loyalty"
"Total Sales","Weekend","YOUNGSTOWN-OH","Medium Stores High Loyalty"
"Total Sales","Weekend","YUMA-AZ","Low Stores Low Loyalty"
