"chan1_id","dma2_id","dma1_id","chan1_name","dma2_name","dma1_name","bdgt_id","cps"
75,5,179,"Display","Low Stores Low Loyalty","ABILENE-TX","75_5_179",""
75,5,186,"Display","Low Stores Low Loyalty","ALBANY-GA","75_5_186",""
75,3,118,"Display","Low Stores Medium Loyalty","ALBANY-NY","75_3_118",""
75,1,162,"Display","Medium Stores High Loyalty","ALBQ/SANTA FE-NM","75_1_162",""
75,4,129,"Display","Medium Stores Low Loyalty","AMARILLO-TX","75_4_129",""
75,1,190,"Display","Medium Stores High Loyalty","ANCHORAGE-AK","75_1_190",""
75,4,29,"Display","Medium Stores Low Loyalty","ATLANTA-GA","75_4_29",""
75,1,42,"Display","Medium Stores High Loyalty","AUGUSTA-GA","75_1_42",""
75,4,56,"Display","Medium Stores Low Loyalty","AUSTIN-TX","75_4_56",""
75,1,121,"Display","Medium Stores High Loyalty","BAKERSFIELD-CA","75_1_121",""
75,1,46,"Display","Medium Stores High Loyalty","BALTIMORE-MD","75_1_46",""
75,3,61,"Display","Low Stores Medium Loyalty","BANGOR-ME","75_3_61",""
75,5,159,"Display","Low Stores Low Loyalty","BATON ROUGE-LA","75_5_159",""
75,5,62,"Display","Low Stores Low Loyalty","BEAUMT/PORT ART-TX","75_5_62",""
75,5,191,"Display","Low Stores Low Loyalty","BEND-OR","75_5_191",""
75,1,189,"Display","Medium Stores High Loyalty","BILLINGS-MT","75_1_189",""
75,5,192,"Display","Low Stores Low Loyalty","BILOXI/GULFPORT-MS","75_5_192",""
75,1,84,"Display","Medium Stores High Loyalty","BINGHAMTON-NY","75_1_84",""
75,5,110,"Display","Low Stores Low Loyalty","BIRMINGHAM-AL","75_5_110",""
75,3,152,"Display","Low Stores Medium Loyalty","BLUEFIELD-WV","75_3_152",""
75,4,171,"Display","Medium Stores Low Loyalty","BOISE-ID","75_4_171",""
75,1,100,"Display","Medium Stores High Loyalty","BOSTON-MA","75_1_100",""
75,1,33,"Display","Medium Stores High Loyalty","BOWLING GREEN-KY","75_1_33",""
75,3,122,"Display","Low Stores Medium Loyalty","BRLGTN-PLATTSBG-VT","75_3_122",""
75,1,143,"Display","Medium Stores High Loyalty","BUFFALO-NY","75_1_143",""
75,5,196,"Display","Low Stores Low Loyalty","BUTTE/BOZEMAN-MT","75_5_196",""
75,5,197,"Display","Low Stores Low Loyalty","CASPER/RIVERTON-WY","75_5_197",""
75,1,67,"Display","Medium Stores High Loyalty","CEDAR RAPIDS-IA","75_1_67",""
75,5,128,"Display","Low Stores Low Loyalty","CHARLESTON-SC","75_5_128",""
75,4,77,"Display","Medium Stores Low Loyalty","CHARLOTTE-NC","75_4_77",""
75,5,195,"Display","Low Stores Low Loyalty","CHARLOTTESVILLE","75_5_195",""
75,5,91,"Display","Low Stores Low Loyalty","CHATTANOOGA-TN","75_5_91",""
75,5,185,"Display","Low Stores Low Loyalty","CHEYENNE- WY","75_5_185",""
75,2,4,"Display","High Stores High Loyalty","CHICAGO-IL","75_2_4",""
75,1,158,"Display","Medium Stores High Loyalty","CHICO/REDDING-CA","75_1_158",""
75,1,18,"Display","Medium Stores High Loyalty","CHMPGN/SPRINFD-IL","75_1_18",""
75,3,80,"Display","Low Stores Medium Loyalty","CHRLSTN/HNTNGTN-WV","75_3_80",""
75,1,66,"Display","Medium Stores High Loyalty","CINCINNATI-OH","75_1_66",""
75,3,6,"Display","Low Stores Medium Loyalty","CLARKSBURG-WV","75_3_6",""
75,1,39,"Display","Medium Stores High Loyalty","CLEVELAND-OH","75_1_39",""
75,1,149,"Display","Medium Stores High Loyalty","COLMBA/JEFFRSON-MO","75_1_149",""
75,5,182,"Display","Low Stores Low Loyalty","COLMBS/TPLO/WPT-MS","75_5_182",""
75,1,94,"Display","Medium Stores High Loyalty","COLORADO SPRNGS-CO","75_1_94",""
75,1,103,"Display","Medium Stores High Loyalty","COLUMBIA-SC","75_1_103",""
75,5,151,"Display","Low Stores Low Loyalty","COLUMBUS-GA","75_5_151",""
75,1,16,"Display","Medium Stores High Loyalty","COLUMBUS-OH","75_1_16",""
75,1,117,"Display","Medium Stores High Loyalty","CORPUS CHRISTI-TX","75_1_117",""
75,4,7,"Display","Medium Stores Low Loyalty","DALLAS-TX","75_4_7",""
75,3,63,"Display","Low Stores Medium Loyalty","DAVENPORT-IA","75_3_63",""
75,1,65,"Display","Medium Stores High Loyalty","DAYTON-OH","75_1_65",""
75,1,87,"Display","Medium Stores High Loyalty","DENVER-CO","75_1_87",""
75,4,19,"Display","Medium Stores Low Loyalty","DES MOINES-IA","75_4_19",""
75,1,2,"Display","Medium Stores High Loyalty","DETROIT-MI","75_1_2",""
75,5,180,"Display","Low Stores Low Loyalty","DOTHAN-AL","75_5_180",""
75,1,68,"Display","Medium Stores High Loyalty","DULUTH-MN","75_1_68",""
75,4,97,"Display","Medium Stores Low Loyalty","EL PASO-TX","75_4_97",""
75,3,10,"Display","Low Stores Medium Loyalty","ELMIRA-NY","75_3_10",""
75,1,69,"Display","Medium Stores High Loyalty","ERIE-PA","75_1_69",""
75,5,153,"Display","Low Stores Low Loyalty","EUGENE-OR","75_5_153",""
75,5,194,"Display","Low Stores Low Loyalty","EUREKA-CA","75_5_194",""
75,3,44,"Display","Low Stores Medium Loyalty","EVANSVILLE-IN","75_3_44",""
75,1,64,"Display","Medium Stores High Loyalty","FARGO-ND","75_1_64",""
75,4,93,"Display","Medium Stores Low Loyalty","FAYETTEVL/FT.SM-AR","75_4_93",""
75,6,111,"Display","Other","FLAGSTAFF-AZ","75_6_111",""
75,3,34,"Display","Low Stores Medium Loyalty","FLNT/SGNW-BYCT-MI","75_3_34",""
75,4,163,"Display","Medium Stores Low Loyalty","FLORNCE/MRTL BE-SC","75_4_163",""
75,3,154,"Display","Low Stores Medium Loyalty","FORT MYRS/NAPLS-FL","75_3_154",""
75,1,21,"Display","Medium Stores High Loyalty","FORT WAYNE-IN","75_1_21",""
75,4,120,"Display","Medium Stores Low Loyalty","FRESNO/VISALIA-CA","75_4_120",""
75,5,187,"Display","Low Stores Low Loyalty","GAINESVILLE-FL","75_5_187",""
75,1,5,"Display","Medium Stores High Loyalty","GRD JCT/MNTS-CO","75_1_5",""
75,1,3,"Display","Medium Stores High Loyalty","GRD RPD, KMZ-MI","75_1_3",""
75,1,17,"Display","Medium Stores High Loyalty","GREENBAY/APLTN-WI","75_1_17",""
75,3,82,"Display","Low Stores Medium Loyalty","GREENSBORO-NC","75_3_82",""
75,5,170,"Display","Low Stores Low Loyalty","GREENVILLE-NC","75_5_170",""
75,3,96,"Display","Low Stores Medium Loyalty","GREENVILLE-SC","75_3_96",""
75,3,125,"Display","Low Stores Medium Loyalty","HARRISONBURG-VA","75_3_125",""
75,5,183,"Display","Low Stores Low Loyalty","HATTSBURG/LAURL-MS","75_5_183",""
75,1,54,"Display","Medium Stores High Loyalty","HBG/LANCAST-PA","75_1_54",""
75,4,98,"Display","Medium Stores Low Loyalty","HOUSTON-TX","75_4_98",""
75,3,102,"Display","Low Stores Medium Loyalty","HUNTSVILLE-AL","75_3_102",""
75,4,169,"Display","Medium Stores Low Loyalty","IDHO FLS/POCTLO-ID","75_4_169",""
75,1,15,"Display","Medium Stores High Loyalty","INDIANAPOLIS-IN","75_1_15",""
75,5,134,"Display","Low Stores Low Loyalty","JACKSON-MS","75_5_134",""
75,5,136,"Display","Low Stores Low Loyalty","JACKSON-TN","75_5_136",""
75,1,135,"Display","Medium Stores High Loyalty","JACKSONVILLE-FL","75_1_135",""
75,3,144,"Display","Low Stores Medium Loyalty","JOHNSTOWN/ALTNA-PA","75_3_144",""
75,5,157,"Display","Low Stores Low Loyalty","JONESBORO-AR","75_5_157",""
75,1,49,"Display","Medium Stores High Loyalty","JOPLIN/PTSBURG-MO","75_1_49",""
75,4,71,"Display","Medium Stores Low Loyalty","KANSAS CT-KS / MO","75_4_71",""
75,3,85,"Display","Low Stores Medium Loyalty","KNOXVILLE-TN","75_3_85",""
75,1,12,"Display","Medium Stores High Loyalty","LA CRSE/EAU CL-WI","75_1_12",""
75,1,28,"Display","Medium Stores High Loyalty","LAFAYETTE-IN","75_1_28",""
75,5,160,"Display","Low Stores Low Loyalty","LAFAYETTE-LA","75_5_160",""
75,5,193,"Display","Low Stores Low Loyalty","LAKE CHARLES-LA","75_5_193",""
75,1,74,"Display","Medium Stores High Loyalty","LANSING/JACKSON-MI","75_1_74",""
75,4,164,"Display","Medium Stores Low Loyalty","LAREDO-TX","75_4_164",""
75,4,113,"Display","Medium Stores Low Loyalty","LAS VEGAS-NV","75_4_113",""
75,4,45,"Display","Medium Stores Low Loyalty","LEXINGTON-KY","75_4_45",""
75,3,106,"Display","Low Stores Medium Loyalty","LIMA-OH","75_3_106",""
75,1,52,"Display","Medium Stores High Loyalty","LINCOLN-NE","75_1_52",""
75,5,119,"Display","Low Stores Low Loyalty","LITTLE ROCK-AR","75_5_119",""
75,2,60,"Display","High Stores High Loyalty","LOS ANGELES-CA","75_2_60",""
75,1,78,"Display","Medium Stores High Loyalty","LOUISVILLE-KY","75_1_78",""
75,1,137,"Display","Medium Stores High Loyalty","LUBBOCK-TX","75_1_137",""
75,5,147,"Display","Low Stores Low Loyalty","MACON-GA","75_5_147",""
75,1,27,"Display","Medium Stores High Loyalty","MADISON-WI","75_1_27",""
75,1,105,"Display","Medium Stores High Loyalty","MANKATO-MN","75_1_105",""
75,3,131,"Display","Low Stores Medium Loyalty","MARQUETTE-MI","75_3_131",""
75,5,156,"Display","Low Stores Low Loyalty","MBLE/PNSCOLA-AL/FL","75_5_156",""
75,4,138,"Display","Medium Stores Low Loyalty","MCALLEN-TX","75_4_138",""
75,3,168,"Display","Low Stores Medium Loyalty","MDFRD/KLMATH FA-OR","75_3_168",""
75,5,123,"Display","Low Stores Low Loyalty","MEMPHIS-TN","75_5_123",""
75,4,188,"Display","Medium Stores Low Loyalty","MIAMI/FT. LDRDA-FL","75_4_188",""
75,4,139,"Display","Medium Stores Low Loyalty","MIDLAND-TX","75_4_139",""
75,1,11,"Display","Medium Stores High Loyalty","MILWAUKEE-WI","75_1_11",""
75,1,13,"Display","Medium Stores High Loyalty","MINNEAPOLIS-MN","75_1_13",""
75,1,51,"Display","Medium Stores High Loyalty","MINOT/BISMARCK-ND","75_1_51",""
75,5,177,"Display","Low Stores Low Loyalty","MONROE/EL DORDO-LA","75_5_177",""
75,5,40,"Display","Low Stores Low Loyalty","MONTEREY/SALINA-CA","75_5_40",""
75,5,133,"Display","Low Stores Low Loyalty","MONTGOMERY-AL","75_5_133",""
75,4,99,"Display","Medium Stores Low Loyalty","NASHVILLE-TN","75_4_99",""
75,1,41,"Display","Medium Stores High Loyalty","NEW HAVEN/HARTD-CT","75_1_41",""
75,5,172,"Display","Low Stores Low Loyalty","NEW ORLEANS-LA","75_5_172",""
75,1,38,"Display","Medium Stores High Loyalty","NORFOLK-VA","75_1_38",""
75,4,22,"Display","Medium Stores Low Loyalty","OKLAHOMA CITY-OK","75_4_22",""
75,4,24,"Display","Medium Stores Low Loyalty","OMAHA-NE","75_4_24",""
75,4,140,"Display","Medium Stores Low Loyalty","ORLNDO/DYTNA/MB-FL","75_4_140",""
75,3,36,"Display","Low Stores Medium Loyalty","PADUCAH-KY","75_3_36",""
75,4,115,"Display","Medium Stores Low Loyalty","PALM SPRINGS-CA","75_4_115",""
75,3,173,"Display","Low Stores Medium Loyalty","PANAMA CITY-FL","75_3_173",""
75,3,165,"Display","Low Stores Medium Loyalty","PARKERSBURG-WV","75_3_165",""
75,1,14,"Display","Medium Stores High Loyalty","PEORIA/BLMNGTN-IL","75_1_14",""
75,1,35,"Display","Medium Stores High Loyalty","PHILADELPHIA-PA","75_1_35",""
75,4,107,"Display","Medium Stores Low Loyalty","PHOENIX-AZ","75_4_107",""
75,1,83,"Display","Medium Stores High Loyalty","PITTSBURGH-PA","75_1_83",""
75,3,48,"Display","Low Stores Medium Loyalty","PORTLAND-ME","75_3_48",""
75,4,148,"Display","Medium Stores Low Loyalty","PORTLAND-OR","75_4_148",""
75,1,101,"Display","Medium Stores High Loyalty","PROVIDENCE-RI","75_1_101",""
75,3,146,"Display","Low Stores Medium Loyalty","QUINCY-IL","75_3_146",""
75,4,50,"Display","Medium Stores Low Loyalty","RALEIGH-NC","75_4_50",""
75,1,142,"Display","Medium Stores High Loyalty","RAPID CITY-SD","75_1_142",""
75,1,145,"Display","Medium Stores High Loyalty","RENO-NV","75_1_145",""
75,1,86,"Display","Medium Stores High Loyalty","RICHMOND-VA","75_1_86",""
75,3,57,"Display","Low Stores Medium Loyalty","ROANOKE/LYCHBRG-VA","75_3_57",""
75,1,88,"Display","Medium Stores High Loyalty","ROCHESTER-MN","75_1_88",""
75,3,130,"Display","Low Stores Medium Loyalty","ROCHESTER-NY","75_3_130",""
75,1,30,"Display","Medium Stores High Loyalty","ROCKFORD-IL","75_1_30",""
75,4,112,"Display","Medium Stores Low Loyalty","SACRAMENTO-CA","75_4_112",""
75,3,47,"Display","Low Stores Medium Loyalty","SALISBURY-MD","75_3_47",""
75,4,58,"Display","Medium Stores Low Loyalty","SALT LAKE CITY-UT","75_4_58",""
75,4,109,"Display","Medium Stores Low Loyalty","SAN ANTONIO-TX","75_4_109",""
75,4,114,"Display","Medium Stores Low Loyalty","SAN DIEGO-CA","75_4_114",""
75,4,126,"Display","Medium Stores Low Loyalty","SAN FRANCISCO-CA","75_4_126",""
75,1,95,"Display","Medium Stores High Loyalty","SANTA BARBARA-CA","75_1_95",""
75,4,155,"Display","Medium Stores Low Loyalty","SEATTLE-WA","75_4_155",""
75,5,32,"Display","Low Stores Low Loyalty","SHERMAN/ADA-TX","75_5_32",""
75,5,161,"Display","Low Stores Low Loyalty","SHREVEPORT-LA","75_5_161",""
75,1,43,"Display","Medium Stores High Loyalty","SIOUX CITY-IA","75_1_43",""
75,1,20,"Display","Medium Stores High Loyalty","SIOUX FALLS-SD","75_1_20",""
75,3,79,"Display","Low Stores Medium Loyalty","SOUTH BEND-IN","75_3_79",""
75,5,174,"Display","Low Stores Low Loyalty","SPOKANE-WA","75_5_174",""
75,3,108,"Display","Low Stores Medium Loyalty","SPRINGFIELD-MA","75_3_108",""
75,1,75,"Display","Medium Stores High Loyalty","SPRINGFIELD-MO","75_1_75",""
75,6,150,"Display","Other","ST. GEORGE-UT","75_6_150",""
75,5,59,"Display","Low Stores Low Loyalty","ST. JOSEPH-MO","75_5_59",""
75,1,26,"Display","Medium Stores High Loyalty","ST. LOUIS-MO","75_1_26",""
75,3,124,"Display","Low Stores Medium Loyalty","SYRACUSE-NY","75_3_124",""
75,5,166,"Display","Low Stores Low Loyalty","TALLHSSE/THMSVL-FL","75_5_166",""
75,3,25,"Display","Low Stores Medium Loyalty","TERRE HAUTE-IN","75_3_25",""
75,6,175,"Display","Other","TEXARKANA-TX","75_6_175",""
75,4,141,"Display","Medium Stores Low Loyalty","TMPA/ST.PT/LKLD-FL","75_4_141",""
75,1,70,"Display","Medium Stores High Loyalty","TOLEDO-OH","75_1_70",""
75,1,72,"Display","Medium Stores High Loyalty","TOPEKA-KS","75_1_72",""
75,3,104,"Display","Low Stores Medium Loyalty","TRAVERSE CITY-MI","75_3_104",""
75,3,55,"Display","Low Stores Medium Loyalty","TRI CITIES-TN","75_3_55",""
75,2,89,"Display","High Stores High Loyalty","TRI-STATE-NY/NJ/CT","75_2_89",""
75,1,116,"Display","Medium Stores High Loyalty","TUCSON-AZ","75_1_116",""
75,1,90,"Display","Medium Stores High Loyalty","TULSA-OK","75_1_90",""
75,5,181,"Display","Low Stores Low Loyalty","TYLER/LONGVIEW-TX","75_5_181",""
75,1,37,"Display","Medium Stores High Loyalty","UTICA-NY","75_1_37",""
75,5,167,"Display","Low Stores Low Loyalty","VICTORIA-TX","75_5_167",""
75,4,132,"Display","Medium Stores Low Loyalty","WACO/TMPL/BRYAN-TX","75_4_132",""
75,1,81,"Display","Medium Stores High Loyalty","WASHINGTON D.C.","75_1_81",""
75,1,31,"Display","Medium Stores High Loyalty","WATERTOWN-NY","75_1_31",""
75,3,92,"Display","Low Stores Medium Loyalty","WAUSAU-WI","75_3_92",""
75,3,176,"Display","Low Stores Medium Loyalty","WEST PALM BEACH-FL","75_3_176",""
75,3,184,"Display","Low Stores Medium Loyalty","WHEELING-WV","75_3_184",""
75,1,76,"Display","Medium Stores High Loyalty","WICHITA-KS","75_1_76",""
75,3,8,"Display","Low Stores Medium Loyalty","WILKES-BARRE-PA","75_3_8",""
75,1,127,"Display","Medium Stores High Loyalty","WILMINGTON-NC","75_1_127",""
75,5,178,"Display","Low Stores Low Loyalty","YAKIMA-WA","75_5_178",""
75,1,73,"Display","Medium Stores High Loyalty","YOUNGSTOWN-OH","75_1_73",""
75,5,9,"Display","Low Stores Low Loyalty","YUMA-AZ","75_5_9",""
75,3,53,"Display","Low Stores Medium Loyalty","ZANESVILLE-OH","75_3_53",""
23,4,29,"Midweek","Medium Stores Low Loyalty","ATLANTA-GA","23_4_29",""
23,1,46,"Midweek","Medium Stores High Loyalty","BALTIMORE-MD","23_1_46",""
23,1,100,"Midweek","Medium Stores High Loyalty","BOSTON-MA","23_1_100",""
23,1,143,"Midweek","Medium Stores High Loyalty","BUFFALO-NY","23_1_143",""
23,4,77,"Midweek","Medium Stores Low Loyalty","CHARLOTTE-NC","23_4_77",""
23,2,4,"Midweek","High Stores High Loyalty","CHICAGO-IL","23_2_4",""
23,1,39,"Midweek","Medium Stores High Loyalty","CLEVELAND-OH","23_1_39",""
23,1,16,"Midweek","Medium Stores High Loyalty","COLUMBUS-OH","23_1_16",""
23,4,7,"Midweek","Medium Stores Low Loyalty","DALLAS-TX","23_4_7",""
23,1,87,"Midweek","Medium Stores High Loyalty","DENVER-CO","23_1_87",""
23,1,2,"Midweek","Medium Stores High Loyalty","DETROIT-MI","23_1_2",""
23,1,257,"Midweek","Medium Stores High Loyalty","GRD RPD KMZ-MI","23_1_257",""
23,1,54,"Midweek","Medium Stores High Loyalty","HBG/LANCAST-PA","23_1_54",""
23,4,98,"Midweek","Medium Stores Low Loyalty","HOUSTON-TX","23_4_98",""
23,1,15,"Midweek","Medium Stores High Loyalty","INDIANAPOLIS-IN","23_1_15",""
23,2,60,"Midweek","High Stores High Loyalty","LOS ANGELES-CA","23_2_60",""
23,4,188,"Midweek","Medium Stores Low Loyalty","MIAMI/FT. LDRDA-FL","23_4_188",""
23,1,11,"Midweek","Medium Stores High Loyalty","MILWAUKEE-WI","23_1_11",""
23,1,13,"Midweek","Medium Stores High Loyalty","MINNEAPOLIS-MN","23_1_13",""
23,1,41,"Midweek","Medium Stores High Loyalty","NEW HAVEN/HARTD-CT","23_1_41",""
23,4,140,"Midweek","Medium Stores Low Loyalty","ORLNDO/DYTNA/MB-FL","23_4_140",""
23,1,35,"Midweek","Medium Stores High Loyalty","PHILADELPHIA-PA","23_1_35",""
23,4,107,"Midweek","Medium Stores Low Loyalty","PHOENIX-AZ","23_4_107",""
23,1,83,"Midweek","Medium Stores High Loyalty","PITTSBURGH-PA","23_1_83",""
23,4,112,"Midweek","Medium Stores Low Loyalty","SACRAMENTO-CA","23_4_112",""
23,4,58,"Midweek","Medium Stores Low Loyalty","SALT LAKE CITY-UT","23_4_58",""
23,4,114,"Midweek","Medium Stores Low Loyalty","SAN DIEGO-CA","23_4_114",""
23,4,126,"Midweek","Medium Stores Low Loyalty","SAN FRANCISCO-CA","23_4_126",""
23,1,26,"Midweek","Medium Stores High Loyalty","ST. LOUIS-MO","23_1_26",""
23,4,141,"Midweek","Medium Stores Low Loyalty","TMPA/ST.PT/LKLD-FL","23_4_141",""
23,2,89,"Midweek","High Stores High Loyalty","TRI-STATE-NY/NJ/CT","23_2_89",""
23,1,81,"Midweek","Medium Stores High Loyalty","WASHINGTON D.C.","23_1_81",""
73,5,179,"Paid Search","Low Stores Low Loyalty","ABILENE-TX","73_5_179",""
73,5,186,"Paid Search","Low Stores Low Loyalty","ALBANY-GA","73_5_186",""
73,3,118,"Paid Search","Low Stores Medium Loyalty","ALBANY-NY","73_3_118",""
73,1,162,"Paid Search","Medium Stores High Loyalty","ALBQ/SANTA FE-NM","73_1_162",""
73,4,129,"Paid Search","Medium Stores Low Loyalty","AMARILLO-TX","73_4_129",""
73,1,190,"Paid Search","Medium Stores High Loyalty","ANCHORAGE-AK","73_1_190",""
73,4,29,"Paid Search","Medium Stores Low Loyalty","ATLANTA-GA","73_4_29",""
73,1,42,"Paid Search","Medium Stores High Loyalty","AUGUSTA-GA","73_1_42",""
73,4,56,"Paid Search","Medium Stores Low Loyalty","AUSTIN-TX","73_4_56",""
73,1,121,"Paid Search","Medium Stores High Loyalty","BAKERSFIELD-CA","73_1_121",""
73,1,46,"Paid Search","Medium Stores High Loyalty","BALTIMORE-MD","73_1_46",""
73,3,61,"Paid Search","Low Stores Medium Loyalty","BANGOR-ME","73_3_61",""
73,5,159,"Paid Search","Low Stores Low Loyalty","BATON ROUGE-LA","73_5_159",""
73,5,62,"Paid Search","Low Stores Low Loyalty","BEAUMT/PORT ART-TX","73_5_62",""
73,5,191,"Paid Search","Low Stores Low Loyalty","BEND-OR","73_5_191",""
73,1,189,"Paid Search","Medium Stores High Loyalty","BILLINGS-MT","73_1_189",""
73,5,192,"Paid Search","Low Stores Low Loyalty","BILOXI/GULFPORT-MS","73_5_192",""
73,1,84,"Paid Search","Medium Stores High Loyalty","BINGHAMTON-NY","73_1_84",""
73,5,110,"Paid Search","Low Stores Low Loyalty","BIRMINGHAM-AL","73_5_110",""
73,3,152,"Paid Search","Low Stores Medium Loyalty","BLUEFIELD-WV","73_3_152",""
73,4,171,"Paid Search","Medium Stores Low Loyalty","BOISE-ID","73_4_171",""
73,1,100,"Paid Search","Medium Stores High Loyalty","BOSTON-MA","73_1_100",""
73,1,33,"Paid Search","Medium Stores High Loyalty","BOWLING GREEN-KY","73_1_33",""
73,3,122,"Paid Search","Low Stores Medium Loyalty","BRLGTN-PLATTSBG-VT","73_3_122",""
73,1,143,"Paid Search","Medium Stores High Loyalty","BUFFALO-NY","73_1_143",""
73,5,196,"Paid Search","Low Stores Low Loyalty","BUTTE/BOZEMAN-MT","73_5_196",""
73,5,197,"Paid Search","Low Stores Low Loyalty","CASPER/RIVERTON-WY","73_5_197",""
73,1,67,"Paid Search","Medium Stores High Loyalty","CEDAR RAPIDS-IA","73_1_67",""
73,5,128,"Paid Search","Low Stores Low Loyalty","CHARLESTON-SC","73_5_128",""
73,4,77,"Paid Search","Medium Stores Low Loyalty","CHARLOTTE-NC","73_4_77",""
73,5,195,"Paid Search","Low Stores Low Loyalty","CHARLOTTESVILLE","73_5_195",""
73,5,91,"Paid Search","Low Stores Low Loyalty","CHATTANOOGA-TN","73_5_91",""
73,5,185,"Paid Search","Low Stores Low Loyalty","CHEYENNE- WY","73_5_185",""
73,2,4,"Paid Search","High Stores High Loyalty","CHICAGO-IL","73_2_4",""
73,1,158,"Paid Search","Medium Stores High Loyalty","CHICO/REDDING-CA","73_1_158",""
73,1,18,"Paid Search","Medium Stores High Loyalty","CHMPGN/SPRINFD-IL","73_1_18",""
73,3,80,"Paid Search","Low Stores Medium Loyalty","CHRLSTN/HNTNGTN-WV","73_3_80",""
73,1,66,"Paid Search","Medium Stores High Loyalty","CINCINNATI-OH","73_1_66",""
73,3,6,"Paid Search","Low Stores Medium Loyalty","CLARKSBURG-WV","73_3_6",""
73,1,39,"Paid Search","Medium Stores High Loyalty","CLEVELAND-OH","73_1_39",""
73,1,149,"Paid Search","Medium Stores High Loyalty","COLMBA/JEFFRSON-MO","73_1_149",""
73,5,182,"Paid Search","Low Stores Low Loyalty","COLMBS/TPLO/WPT-MS","73_5_182",""
73,1,94,"Paid Search","Medium Stores High Loyalty","COLORADO SPRNGS-CO","73_1_94",""
73,1,103,"Paid Search","Medium Stores High Loyalty","COLUMBIA-SC","73_1_103",""
73,5,151,"Paid Search","Low Stores Low Loyalty","COLUMBUS-GA","73_5_151",""
73,1,16,"Paid Search","Medium Stores High Loyalty","COLUMBUS-OH","73_1_16",""
73,1,117,"Paid Search","Medium Stores High Loyalty","CORPUS CHRISTI-TX","73_1_117",""
73,4,7,"Paid Search","Medium Stores Low Loyalty","DALLAS-TX","73_4_7",""
73,3,63,"Paid Search","Low Stores Medium Loyalty","DAVENPORT-IA","73_3_63",""
73,1,65,"Paid Search","Medium Stores High Loyalty","DAYTON-OH","73_1_65",""
73,1,87,"Paid Search","Medium Stores High Loyalty","DENVER-CO","73_1_87",""
73,4,19,"Paid Search","Medium Stores Low Loyalty","DES MOINES-IA","73_4_19",""
73,1,2,"Paid Search","Medium Stores High Loyalty","DETROIT-MI","73_1_2",""
73,5,180,"Paid Search","Low Stores Low Loyalty","DOTHAN-AL","73_5_180",""
73,1,68,"Paid Search","Medium Stores High Loyalty","DULUTH-MN","73_1_68",""
73,4,97,"Paid Search","Medium Stores Low Loyalty","EL PASO-TX","73_4_97",""
73,3,10,"Paid Search","Low Stores Medium Loyalty","ELMIRA-NY","73_3_10",""
73,1,69,"Paid Search","Medium Stores High Loyalty","ERIE-PA","73_1_69",""
73,5,153,"Paid Search","Low Stores Low Loyalty","EUGENE-OR","73_5_153",""
73,5,194,"Paid Search","Low Stores Low Loyalty","EUREKA-CA","73_5_194",""
73,3,44,"Paid Search","Low Stores Medium Loyalty","EVANSVILLE-IN","73_3_44",""
73,1,64,"Paid Search","Medium Stores High Loyalty","FARGO-ND","73_1_64",""
73,4,93,"Paid Search","Medium Stores Low Loyalty","FAYETTEVL/FT.SM-AR","73_4_93",""
73,6,111,"Paid Search","Other","FLAGSTAFF-AZ","73_6_111",""
73,3,34,"Paid Search","Low Stores Medium Loyalty","FLNT/SGNW-BYCT-MI","73_3_34",""
73,4,163,"Paid Search","Medium Stores Low Loyalty","FLORNCE/MRTL BE-SC","73_4_163",""
73,3,154,"Paid Search","Low Stores Medium Loyalty","FORT MYRS/NAPLS-FL","73_3_154",""
73,1,21,"Paid Search","Medium Stores High Loyalty","FORT WAYNE-IN","73_1_21",""
73,4,120,"Paid Search","Medium Stores Low Loyalty","FRESNO/VISALIA-CA","73_4_120",""
73,5,187,"Paid Search","Low Stores Low Loyalty","GAINESVILLE-FL","73_5_187",""
73,1,5,"Paid Search","Medium Stores High Loyalty","GRD JCT/MNTS-CO","73_1_5",""
73,1,3,"Paid Search","Medium Stores High Loyalty","GRD RPD, KMZ-MI","73_1_3",""
73,1,17,"Paid Search","Medium Stores High Loyalty","GREENBAY/APLTN-WI","73_1_17",""
73,3,82,"Paid Search","Low Stores Medium Loyalty","GREENSBORO-NC","73_3_82",""
73,5,170,"Paid Search","Low Stores Low Loyalty","GREENVILLE-NC","73_5_170",""
73,3,96,"Paid Search","Low Stores Medium Loyalty","GREENVILLE-SC","73_3_96",""
73,3,125,"Paid Search","Low Stores Medium Loyalty","HARRISONBURG-VA","73_3_125",""
73,5,183,"Paid Search","Low Stores Low Loyalty","HATTSBURG/LAURL-MS","73_5_183",""
73,1,54,"Paid Search","Medium Stores High Loyalty","HBG/LANCAST-PA","73_1_54",""
73,4,98,"Paid Search","Medium Stores Low Loyalty","HOUSTON-TX","73_4_98",""
73,3,102,"Paid Search","Low Stores Medium Loyalty","HUNTSVILLE-AL","73_3_102",""
73,4,169,"Paid Search","Medium Stores Low Loyalty","IDHO FLS/POCTLO-ID","73_4_169",""
73,1,15,"Paid Search","Medium Stores High Loyalty","INDIANAPOLIS-IN","73_1_15",""
73,5,134,"Paid Search","Low Stores Low Loyalty","JACKSON-MS","73_5_134",""
73,5,136,"Paid Search","Low Stores Low Loyalty","JACKSON-TN","73_5_136",""
73,1,135,"Paid Search","Medium Stores High Loyalty","JACKSONVILLE-FL","73_1_135",""
73,3,144,"Paid Search","Low Stores Medium Loyalty","JOHNSTOWN/ALTNA-PA","73_3_144",""
73,5,157,"Paid Search","Low Stores Low Loyalty","JONESBORO-AR","73_5_157",""
73,1,49,"Paid Search","Medium Stores High Loyalty","JOPLIN/PTSBURG-MO","73_1_49",""
73,4,71,"Paid Search","Medium Stores Low Loyalty","KANSAS CT-KS / MO","73_4_71",""
73,3,85,"Paid Search","Low Stores Medium Loyalty","KNOXVILLE-TN","73_3_85",""
73,1,12,"Paid Search","Medium Stores High Loyalty","LA CRSE/EAU CL-WI","73_1_12",""
73,1,28,"Paid Search","Medium Stores High Loyalty","LAFAYETTE-IN","73_1_28",""
73,5,160,"Paid Search","Low Stores Low Loyalty","LAFAYETTE-LA","73_5_160",""
73,5,193,"Paid Search","Low Stores Low Loyalty","LAKE CHARLES-LA","73_5_193",""
73,1,74,"Paid Search","Medium Stores High Loyalty","LANSING/JACKSON-MI","73_1_74",""
73,4,164,"Paid Search","Medium Stores Low Loyalty","LAREDO-TX","73_4_164",""
73,4,113,"Paid Search","Medium Stores Low Loyalty","LAS VEGAS-NV","73_4_113",""
73,4,45,"Paid Search","Medium Stores Low Loyalty","LEXINGTON-KY","73_4_45",""
73,3,106,"Paid Search","Low Stores Medium Loyalty","LIMA-OH","73_3_106",""
73,1,52,"Paid Search","Medium Stores High Loyalty","LINCOLN-NE","73_1_52",""
73,5,119,"Paid Search","Low Stores Low Loyalty","LITTLE ROCK-AR","73_5_119",""
73,2,60,"Paid Search","High Stores High Loyalty","LOS ANGELES-CA","73_2_60",""
73,1,78,"Paid Search","Medium Stores High Loyalty","LOUISVILLE-KY","73_1_78",""
73,1,137,"Paid Search","Medium Stores High Loyalty","LUBBOCK-TX","73_1_137",""
73,5,147,"Paid Search","Low Stores Low Loyalty","MACON-GA","73_5_147",""
73,1,27,"Paid Search","Medium Stores High Loyalty","MADISON-WI","73_1_27",""
73,1,105,"Paid Search","Medium Stores High Loyalty","MANKATO-MN","73_1_105",""
73,3,131,"Paid Search","Low Stores Medium Loyalty","MARQUETTE-MI","73_3_131",""
73,5,156,"Paid Search","Low Stores Low Loyalty","MBLE/PNSCOLA-AL/FL","73_5_156",""
73,4,138,"Paid Search","Medium Stores Low Loyalty","MCALLEN-TX","73_4_138",""
73,3,168,"Paid Search","Low Stores Medium Loyalty","MDFRD/KLMATH FA-OR","73_3_168",""
73,5,123,"Paid Search","Low Stores Low Loyalty","MEMPHIS-TN","73_5_123",""
73,4,188,"Paid Search","Medium Stores Low Loyalty","MIAMI/FT. LDRDA-FL","73_4_188",""
73,4,139,"Paid Search","Medium Stores Low Loyalty","MIDLAND-TX","73_4_139",""
73,1,11,"Paid Search","Medium Stores High Loyalty","MILWAUKEE-WI","73_1_11",""
73,1,13,"Paid Search","Medium Stores High Loyalty","MINNEAPOLIS-MN","73_1_13",""
73,1,51,"Paid Search","Medium Stores High Loyalty","MINOT/BISMARCK-ND","73_1_51",""
73,5,177,"Paid Search","Low Stores Low Loyalty","MONROE/EL DORDO-LA","73_5_177",""
73,5,40,"Paid Search","Low Stores Low Loyalty","MONTEREY/SALINA-CA","73_5_40",""
73,5,133,"Paid Search","Low Stores Low Loyalty","MONTGOMERY-AL","73_5_133",""
73,4,99,"Paid Search","Medium Stores Low Loyalty","NASHVILLE-TN","73_4_99",""
73,1,41,"Paid Search","Medium Stores High Loyalty","NEW HAVEN/HARTD-CT","73_1_41",""
73,5,172,"Paid Search","Low Stores Low Loyalty","NEW ORLEANS-LA","73_5_172",""
73,1,38,"Paid Search","Medium Stores High Loyalty","NORFOLK-VA","73_1_38",""
73,4,22,"Paid Search","Medium Stores Low Loyalty","OKLAHOMA CITY-OK","73_4_22",""
73,4,24,"Paid Search","Medium Stores Low Loyalty","OMAHA-NE","73_4_24",""
73,4,140,"Paid Search","Medium Stores Low Loyalty","ORLNDO/DYTNA/MB-FL","73_4_140",""
73,3,36,"Paid Search","Low Stores Medium Loyalty","PADUCAH-KY","73_3_36",""
73,4,115,"Paid Search","Medium Stores Low Loyalty","PALM SPRINGS-CA","73_4_115",""
73,3,173,"Paid Search","Low Stores Medium Loyalty","PANAMA CITY-FL","73_3_173",""
73,3,165,"Paid Search","Low Stores Medium Loyalty","PARKERSBURG-WV","73_3_165",""
73,1,14,"Paid Search","Medium Stores High Loyalty","PEORIA/BLMNGTN-IL","73_1_14",""
73,1,35,"Paid Search","Medium Stores High Loyalty","PHILADELPHIA-PA","73_1_35",""
73,4,107,"Paid Search","Medium Stores Low Loyalty","PHOENIX-AZ","73_4_107",""
73,1,83,"Paid Search","Medium Stores High Loyalty","PITTSBURGH-PA","73_1_83",""
73,3,48,"Paid Search","Low Stores Medium Loyalty","PORTLAND-ME","73_3_48",""
73,4,148,"Paid Search","Medium Stores Low Loyalty","PORTLAND-OR","73_4_148",""
73,1,101,"Paid Search","Medium Stores High Loyalty","PROVIDENCE-RI","73_1_101",""
73,3,146,"Paid Search","Low Stores Medium Loyalty","QUINCY-IL","73_3_146",""
73,4,50,"Paid Search","Medium Stores Low Loyalty","RALEIGH-NC","73_4_50",""
73,1,142,"Paid Search","Medium Stores High Loyalty","RAPID CITY-SD","73_1_142",""
73,1,145,"Paid Search","Medium Stores High Loyalty","RENO-NV","73_1_145",""
73,1,86,"Paid Search","Medium Stores High Loyalty","RICHMOND-VA","73_1_86",""
73,3,57,"Paid Search","Low Stores Medium Loyalty","ROANOKE/LYCHBRG-VA","73_3_57",""
73,1,88,"Paid Search","Medium Stores High Loyalty","ROCHESTER-MN","73_1_88",""
73,3,130,"Paid Search","Low Stores Medium Loyalty","ROCHESTER-NY","73_3_130",""
73,1,30,"Paid Search","Medium Stores High Loyalty","ROCKFORD-IL","73_1_30",""
73,4,112,"Paid Search","Medium Stores Low Loyalty","SACRAMENTO-CA","73_4_112",""
73,3,47,"Paid Search","Low Stores Medium Loyalty","SALISBURY-MD","73_3_47",""
73,4,58,"Paid Search","Medium Stores Low Loyalty","SALT LAKE CITY-UT","73_4_58",""
73,4,109,"Paid Search","Medium Stores Low Loyalty","SAN ANTONIO-TX","73_4_109",""
73,4,114,"Paid Search","Medium Stores Low Loyalty","SAN DIEGO-CA","73_4_114",""
73,4,126,"Paid Search","Medium Stores Low Loyalty","SAN FRANCISCO-CA","73_4_126",""
73,1,95,"Paid Search","Medium Stores High Loyalty","SANTA BARBARA-CA","73_1_95",""
73,4,155,"Paid Search","Medium Stores Low Loyalty","SEATTLE-WA","73_4_155",""
73,5,32,"Paid Search","Low Stores Low Loyalty","SHERMAN/ADA-TX","73_5_32",""
73,5,161,"Paid Search","Low Stores Low Loyalty","SHREVEPORT-LA","73_5_161",""
73,1,43,"Paid Search","Medium Stores High Loyalty","SIOUX CITY-IA","73_1_43",""
73,1,20,"Paid Search","Medium Stores High Loyalty","SIOUX FALLS-SD","73_1_20",""
73,3,79,"Paid Search","Low Stores Medium Loyalty","SOUTH BEND-IN","73_3_79",""
73,5,174,"Paid Search","Low Stores Low Loyalty","SPOKANE-WA","73_5_174",""
73,3,108,"Paid Search","Low Stores Medium Loyalty","SPRINGFIELD-MA","73_3_108",""
73,1,75,"Paid Search","Medium Stores High Loyalty","SPRINGFIELD-MO","73_1_75",""
73,5,59,"Paid Search","Low Stores Low Loyalty","ST. JOSEPH-MO","73_5_59",""
73,1,26,"Paid Search","Medium Stores High Loyalty","ST. LOUIS-MO","73_1_26",""
73,3,124,"Paid Search","Low Stores Medium Loyalty","SYRACUSE-NY","73_3_124",""
73,5,166,"Paid Search","Low Stores Low Loyalty","TALLHSSE/THMSVL-FL","73_5_166",""
73,3,25,"Paid Search","Low Stores Medium Loyalty","TERRE HAUTE-IN","73_3_25",""
73,4,141,"Paid Search","Medium Stores Low Loyalty","TMPA/ST.PT/LKLD-FL","73_4_141",""
73,1,70,"Paid Search","Medium Stores High Loyalty","TOLEDO-OH","73_1_70",""
73,1,72,"Paid Search","Medium Stores High Loyalty","TOPEKA-KS","73_1_72",""
73,3,104,"Paid Search","Low Stores Medium Loyalty","TRAVERSE CITY-MI","73_3_104",""
73,3,55,"Paid Search","Low Stores Medium Loyalty","TRI CITIES-TN","73_3_55",""
73,2,89,"Paid Search","High Stores High Loyalty","TRI-STATE-NY/NJ/CT","73_2_89",""
73,1,116,"Paid Search","Medium Stores High Loyalty","TUCSON-AZ","73_1_116",""
73,1,90,"Paid Search","Medium Stores High Loyalty","TULSA-OK","73_1_90",""
73,5,181,"Paid Search","Low Stores Low Loyalty","TYLER/LONGVIEW-TX","73_5_181",""
73,1,37,"Paid Search","Medium Stores High Loyalty","UTICA-NY","73_1_37",""
73,5,167,"Paid Search","Low Stores Low Loyalty","VICTORIA-TX","73_5_167",""
73,4,132,"Paid Search","Medium Stores Low Loyalty","WACO/TMPL/BRYAN-TX","73_4_132",""
73,1,81,"Paid Search","Medium Stores High Loyalty","WASHINGTON D.C.","73_1_81",""
73,1,31,"Paid Search","Medium Stores High Loyalty","WATERTOWN-NY","73_1_31",""
73,3,92,"Paid Search","Low Stores Medium Loyalty","WAUSAU-WI","73_3_92",""
73,3,176,"Paid Search","Low Stores Medium Loyalty","WEST PALM BEACH-FL","73_3_176",""
73,3,184,"Paid Search","Low Stores Medium Loyalty","WHEELING-WV","73_3_184",""
73,1,76,"Paid Search","Medium Stores High Loyalty","WICHITA-KS","73_1_76",""
73,3,8,"Paid Search","Low Stores Medium Loyalty","WILKES-BARRE-PA","73_3_8",""
73,1,127,"Paid Search","Medium Stores High Loyalty","WILMINGTON-NC","73_1_127",""
73,5,178,"Paid Search","Low Stores Low Loyalty","YAKIMA-WA","73_5_178",""
73,1,73,"Paid Search","Medium Stores High Loyalty","YOUNGSTOWN-OH","73_1_73",""
73,5,9,"Paid Search","Low Stores Low Loyalty","YUMA-AZ","73_5_9",""
73,3,53,"Paid Search","Low Stores Medium Loyalty","ZANESVILLE-OH","73_3_53",""
30,5,179,"Radio","Low Stores Low Loyalty","ABILENE-TX","30_5_179",""
30,5,186,"Radio","Low Stores Low Loyalty","ALBANY-GA","30_5_186",""
30,3,118,"Radio","Low Stores Medium Loyalty","ALBANY-NY","30_3_118",""
30,1,162,"Radio","Medium Stores High Loyalty","ALBQ/SANTA FE-NM","30_1_162",""
30,4,129,"Radio","Medium Stores Low Loyalty","AMARILLO-TX","30_4_129",""
30,1,190,"Radio","Medium Stores High Loyalty","ANCHORAGE-AK","30_1_190",""
30,4,29,"Radio","Medium Stores Low Loyalty","ATLANTA-GA","30_4_29",""
30,1,42,"Radio","Medium Stores High Loyalty","AUGUSTA-GA","30_1_42",""
30,4,56,"Radio","Medium Stores Low Loyalty","AUSTIN-TX","30_4_56",""
30,1,121,"Radio","Medium Stores High Loyalty","BAKERSFIELD-CA","30_1_121",""
30,1,46,"Radio","Medium Stores High Loyalty","BALTIMORE-MD","30_1_46",""
30,3,61,"Radio","Low Stores Medium Loyalty","BANGOR-ME","30_3_61",""
30,5,159,"Radio","Low Stores Low Loyalty","BATON ROUGE-LA","30_5_159",""
30,5,62,"Radio","Low Stores Low Loyalty","BEAUMT/PORT ART-TX","30_5_62",""
30,5,191,"Radio","Low Stores Low Loyalty","BEND-OR","30_5_191",""
30,1,189,"Radio","Medium Stores High Loyalty","BILLINGS-MT","30_1_189",""
30,5,192,"Radio","Low Stores Low Loyalty","BILOXI/GULFPORT-MS","30_5_192",""
30,1,84,"Radio","Medium Stores High Loyalty","BINGHAMTON-NY","30_1_84",""
30,5,110,"Radio","Low Stores Low Loyalty","BIRMINGHAM-AL","30_5_110",""
30,3,152,"Radio","Low Stores Medium Loyalty","BLUEFIELD-WV","30_3_152",""
30,4,171,"Radio","Medium Stores Low Loyalty","BOISE-ID","30_4_171",""
30,1,100,"Radio","Medium Stores High Loyalty","BOSTON-MA","30_1_100",""
30,1,33,"Radio","Medium Stores High Loyalty","BOWLING GREEN-KY","30_1_33",""
30,3,122,"Radio","Low Stores Medium Loyalty","BRLGTN-PLATTSBG-VT","30_3_122",""
30,1,143,"Radio","Medium Stores High Loyalty","BUFFALO-NY","30_1_143",""
30,5,196,"Radio","Low Stores Low Loyalty","BUTTE/BOZEMAN-MT","30_5_196",""
30,5,197,"Radio","Low Stores Low Loyalty","CASPER/RIVERTON-WY","30_5_197",""
30,1,67,"Radio","Medium Stores High Loyalty","CEDAR RAPIDS-IA","30_1_67",""
30,5,128,"Radio","Low Stores Low Loyalty","CHARLESTON-SC","30_5_128",""
30,4,77,"Radio","Medium Stores Low Loyalty","CHARLOTTE-NC","30_4_77",""
30,5,195,"Radio","Low Stores Low Loyalty","CHARLOTTESVILLE","30_5_195",""
30,5,91,"Radio","Low Stores Low Loyalty","CHATTANOOGA-TN","30_5_91",""
30,5,185,"Radio","Low Stores Low Loyalty","CHEYENNE- WY","30_5_185",""
30,2,4,"Radio","High Stores High Loyalty","CHICAGO-IL","30_2_4",""
30,1,158,"Radio","Medium Stores High Loyalty","CHICO/REDDING-CA","30_1_158",""
30,1,18,"Radio","Medium Stores High Loyalty","CHMPGN/SPRINFD-IL","30_1_18",""
30,3,80,"Radio","Low Stores Medium Loyalty","CHRLSTN/HNTNGTN-WV","30_3_80",""
30,1,66,"Radio","Medium Stores High Loyalty","CINCINNATI-OH","30_1_66",""
30,3,6,"Radio","Low Stores Medium Loyalty","CLARKSBURG-WV","30_3_6",""
30,1,39,"Radio","Medium Stores High Loyalty","CLEVELAND-OH","30_1_39",""
30,1,149,"Radio","Medium Stores High Loyalty","COLMBA/JEFFRSON-MO","30_1_149",""
30,5,182,"Radio","Low Stores Low Loyalty","COLMBS/TPLO/WPT-MS","30_5_182",""
30,1,94,"Radio","Medium Stores High Loyalty","COLORADO SPRNGS-CO","30_1_94",""
30,1,103,"Radio","Medium Stores High Loyalty","COLUMBIA-SC","30_1_103",""
30,5,151,"Radio","Low Stores Low Loyalty","COLUMBUS-GA","30_5_151",""
30,1,16,"Radio","Medium Stores High Loyalty","COLUMBUS-OH","30_1_16",""
30,1,117,"Radio","Medium Stores High Loyalty","CORPUS CHRISTI-TX","30_1_117",""
30,4,7,"Radio","Medium Stores Low Loyalty","DALLAS-TX","30_4_7",""
30,3,63,"Radio","Low Stores Medium Loyalty","DAVENPORT-IA","30_3_63",""
30,1,65,"Radio","Medium Stores High Loyalty","DAYTON-OH","30_1_65",""
30,1,87,"Radio","Medium Stores High Loyalty","DENVER-CO","30_1_87",""
30,4,19,"Radio","Medium Stores Low Loyalty","DES MOINES-IA","30_4_19",""
30,1,2,"Radio","Medium Stores High Loyalty","DETROIT-MI","30_1_2",""
30,5,180,"Radio","Low Stores Low Loyalty","DOTHAN-AL","30_5_180",""
30,1,68,"Radio","Medium Stores High Loyalty","DULUTH-MN","30_1_68",""
30,4,97,"Radio","Medium Stores Low Loyalty","EL PASO-TX","30_4_97",""
30,3,10,"Radio","Low Stores Medium Loyalty","ELMIRA-NY","30_3_10",""
30,1,69,"Radio","Medium Stores High Loyalty","ERIE-PA","30_1_69",""
30,5,153,"Radio","Low Stores Low Loyalty","EUGENE-OR","30_5_153",""
30,5,194,"Radio","Low Stores Low Loyalty","EUREKA-CA","30_5_194",""
30,3,44,"Radio","Low Stores Medium Loyalty","EVANSVILLE-IN","30_3_44",""
30,1,64,"Radio","Medium Stores High Loyalty","FARGO-ND","30_1_64",""
30,4,93,"Radio","Medium Stores Low Loyalty","FAYETTEVL/FT.SM-AR","30_4_93",""
30,6,111,"Radio","Other","FLAGSTAFF-AZ","30_6_111",""
30,3,34,"Radio","Low Stores Medium Loyalty","FLNT/SGNW-BYCT-MI","30_3_34",""
30,4,163,"Radio","Medium Stores Low Loyalty","FLORNCE/MRTL BE-SC","30_4_163",""
30,3,154,"Radio","Low Stores Medium Loyalty","FORT MYRS/NAPLS-FL","30_3_154",""
30,1,21,"Radio","Medium Stores High Loyalty","FORT WAYNE-IN","30_1_21",""
30,4,120,"Radio","Medium Stores Low Loyalty","FRESNO/VISALIA-CA","30_4_120",""
30,5,187,"Radio","Low Stores Low Loyalty","GAINESVILLE-FL","30_5_187",""
30,1,5,"Radio","Medium Stores High Loyalty","GRD JCT/MNTS-CO","30_1_5",""
30,1,3,"Radio","Medium Stores High Loyalty","GRD RPD, KMZ-MI","30_1_3",""
30,1,17,"Radio","Medium Stores High Loyalty","GREENBAY/APLTN-WI","30_1_17",""
30,3,82,"Radio","Low Stores Medium Loyalty","GREENSBORO-NC","30_3_82",""
30,5,170,"Radio","Low Stores Low Loyalty","GREENVILLE-NC","30_5_170",""
30,3,96,"Radio","Low Stores Medium Loyalty","GREENVILLE-SC","30_3_96",""
30,3,125,"Radio","Low Stores Medium Loyalty","HARRISONBURG-VA","30_3_125",""
30,5,183,"Radio","Low Stores Low Loyalty","HATTSBURG/LAURL-MS","30_5_183",""
30,1,54,"Radio","Medium Stores High Loyalty","HBG/LANCAST-PA","30_1_54",""
30,4,98,"Radio","Medium Stores Low Loyalty","HOUSTON-TX","30_4_98",""
30,3,102,"Radio","Low Stores Medium Loyalty","HUNTSVILLE-AL","30_3_102",""
30,4,169,"Radio","Medium Stores Low Loyalty","IDHO FLS/POCTLO-ID","30_4_169",""
30,1,15,"Radio","Medium Stores High Loyalty","INDIANAPOLIS-IN","30_1_15",""
30,5,134,"Radio","Low Stores Low Loyalty","JACKSON-MS","30_5_134",""
30,5,136,"Radio","Low Stores Low Loyalty","JACKSON-TN","30_5_136",""
30,1,135,"Radio","Medium Stores High Loyalty","JACKSONVILLE-FL","30_1_135",""
30,3,144,"Radio","Low Stores Medium Loyalty","JOHNSTOWN/ALTNA-PA","30_3_144",""
30,5,157,"Radio","Low Stores Low Loyalty","JONESBORO-AR","30_5_157",""
30,1,49,"Radio","Medium Stores High Loyalty","JOPLIN/PTSBURG-MO","30_1_49",""
30,4,71,"Radio","Medium Stores Low Loyalty","KANSAS CT-KS / MO","30_4_71",""
30,3,85,"Radio","Low Stores Medium Loyalty","KNOXVILLE-TN","30_3_85",""
30,1,12,"Radio","Medium Stores High Loyalty","LA CRSE/EAU CL-WI","30_1_12",""
30,1,28,"Radio","Medium Stores High Loyalty","LAFAYETTE-IN","30_1_28",""
30,5,160,"Radio","Low Stores Low Loyalty","LAFAYETTE-LA","30_5_160",""
30,5,193,"Radio","Low Stores Low Loyalty","LAKE CHARLES-LA","30_5_193",""
30,1,74,"Radio","Medium Stores High Loyalty","LANSING/JACKSON-MI","30_1_74",""
30,4,164,"Radio","Medium Stores Low Loyalty","LAREDO-TX","30_4_164",""
30,4,113,"Radio","Medium Stores Low Loyalty","LAS VEGAS-NV","30_4_113",""
30,4,45,"Radio","Medium Stores Low Loyalty","LEXINGTON-KY","30_4_45",""
30,3,106,"Radio","Low Stores Medium Loyalty","LIMA-OH","30_3_106",""
30,1,52,"Radio","Medium Stores High Loyalty","LINCOLN-NE","30_1_52",""
30,5,119,"Radio","Low Stores Low Loyalty","LITTLE ROCK-AR","30_5_119",""
30,2,60,"Radio","High Stores High Loyalty","LOS ANGELES-CA","30_2_60",""
30,1,78,"Radio","Medium Stores High Loyalty","LOUISVILLE-KY","30_1_78",""
30,1,137,"Radio","Medium Stores High Loyalty","LUBBOCK-TX","30_1_137",""
30,5,147,"Radio","Low Stores Low Loyalty","MACON-GA","30_5_147",""
30,1,27,"Radio","Medium Stores High Loyalty","MADISON-WI","30_1_27",""
30,1,105,"Radio","Medium Stores High Loyalty","MANKATO-MN","30_1_105",""
30,3,131,"Radio","Low Stores Medium Loyalty","MARQUETTE-MI","30_3_131",""
30,5,156,"Radio","Low Stores Low Loyalty","MBLE/PNSCOLA-AL/FL","30_5_156",""
30,4,138,"Radio","Medium Stores Low Loyalty","MCALLEN-TX","30_4_138",""
30,3,168,"Radio","Low Stores Medium Loyalty","MDFRD/KLMATH FA-OR","30_3_168",""
30,5,123,"Radio","Low Stores Low Loyalty","MEMPHIS-TN","30_5_123",""
30,4,188,"Radio","Medium Stores Low Loyalty","MIAMI/FT. LDRDA-FL","30_4_188",""
30,4,139,"Radio","Medium Stores Low Loyalty","MIDLAND-TX","30_4_139",""
30,1,11,"Radio","Medium Stores High Loyalty","MILWAUKEE-WI","30_1_11",""
30,1,13,"Radio","Medium Stores High Loyalty","MINNEAPOLIS-MN","30_1_13",""
30,1,51,"Radio","Medium Stores High Loyalty","MINOT/BISMARCK-ND","30_1_51",""
30,5,177,"Radio","Low Stores Low Loyalty","MONROE/EL DORDO-LA","30_5_177",""
30,5,40,"Radio","Low Stores Low Loyalty","MONTEREY/SALINA-CA","30_5_40",""
30,5,133,"Radio","Low Stores Low Loyalty","MONTGOMERY-AL","30_5_133",""
30,4,99,"Radio","Medium Stores Low Loyalty","NASHVILLE-TN","30_4_99",""
30,1,41,"Radio","Medium Stores High Loyalty","NEW HAVEN/HARTD-CT","30_1_41",""
30,5,172,"Radio","Low Stores Low Loyalty","NEW ORLEANS-LA","30_5_172",""
30,1,38,"Radio","Medium Stores High Loyalty","NORFOLK-VA","30_1_38",""
30,4,22,"Radio","Medium Stores Low Loyalty","OKLAHOMA CITY-OK","30_4_22",""
30,4,24,"Radio","Medium Stores Low Loyalty","OMAHA-NE","30_4_24",""
30,4,140,"Radio","Medium Stores Low Loyalty","ORLNDO/DYTNA/MB-FL","30_4_140",""
30,3,36,"Radio","Low Stores Medium Loyalty","PADUCAH-KY","30_3_36",""
30,4,115,"Radio","Medium Stores Low Loyalty","PALM SPRINGS-CA","30_4_115",""
30,3,173,"Radio","Low Stores Medium Loyalty","PANAMA CITY-FL","30_3_173",""
30,3,165,"Radio","Low Stores Medium Loyalty","PARKERSBURG-WV","30_3_165",""
30,1,14,"Radio","Medium Stores High Loyalty","PEORIA/BLMNGTN-IL","30_1_14",""
30,1,35,"Radio","Medium Stores High Loyalty","PHILADELPHIA-PA","30_1_35",""
30,1,83,"Radio","Medium Stores High Loyalty","PITTSBURGH-PA","30_1_83",""
30,3,48,"Radio","Low Stores Medium Loyalty","PORTLAND-ME","30_3_48",""
30,4,148,"Radio","Medium Stores Low Loyalty","PORTLAND-OR","30_4_148",""
30,1,101,"Radio","Medium Stores High Loyalty","PROVIDENCE-RI","30_1_101",""
30,3,146,"Radio","Low Stores Medium Loyalty","QUINCY-IL","30_3_146",""
30,4,50,"Radio","Medium Stores Low Loyalty","RALEIGH-NC","30_4_50",""
30,1,142,"Radio","Medium Stores High Loyalty","RAPID CITY-SD","30_1_142",""
30,1,145,"Radio","Medium Stores High Loyalty","RENO-NV","30_1_145",""
30,1,86,"Radio","Medium Stores High Loyalty","RICHMOND-VA","30_1_86",""
30,3,57,"Radio","Low Stores Medium Loyalty","ROANOKE/LYCHBRG-VA","30_3_57",""
30,1,88,"Radio","Medium Stores High Loyalty","ROCHESTER-MN","30_1_88",""
30,3,130,"Radio","Low Stores Medium Loyalty","ROCHESTER-NY","30_3_130",""
30,1,30,"Radio","Medium Stores High Loyalty","ROCKFORD-IL","30_1_30",""
30,4,112,"Radio","Medium Stores Low Loyalty","SACRAMENTO-CA","30_4_112",""
30,3,47,"Radio","Low Stores Medium Loyalty","SALISBURY-MD","30_3_47",""
30,4,58,"Radio","Medium Stores Low Loyalty","SALT LAKE CITY-UT","30_4_58",""
30,4,109,"Radio","Medium Stores Low Loyalty","SAN ANTONIO-TX","30_4_109",""
30,4,114,"Radio","Medium Stores Low Loyalty","SAN DIEGO-CA","30_4_114",""
30,4,126,"Radio","Medium Stores Low Loyalty","SAN FRANCISCO-CA","30_4_126",""
30,1,95,"Radio","Medium Stores High Loyalty","SANTA BARBARA-CA","30_1_95",""
30,4,155,"Radio","Medium Stores Low Loyalty","SEATTLE-WA","30_4_155",""
30,5,32,"Radio","Low Stores Low Loyalty","SHERMAN/ADA-TX","30_5_32",""
30,5,161,"Radio","Low Stores Low Loyalty","SHREVEPORT-LA","30_5_161",""
30,1,43,"Radio","Medium Stores High Loyalty","SIOUX CITY-IA","30_1_43",""
30,1,20,"Radio","Medium Stores High Loyalty","SIOUX FALLS-SD","30_1_20",""
30,3,79,"Radio","Low Stores Medium Loyalty","SOUTH BEND-IN","30_3_79",""
30,5,174,"Radio","Low Stores Low Loyalty","SPOKANE-WA","30_5_174",""
30,3,108,"Radio","Low Stores Medium Loyalty","SPRINGFIELD-MA","30_3_108",""
30,1,75,"Radio","Medium Stores High Loyalty","SPRINGFIELD-MO","30_1_75",""
30,5,59,"Radio","Low Stores Low Loyalty","ST. JOSEPH-MO","30_5_59",""
30,1,26,"Radio","Medium Stores High Loyalty","ST. LOUIS-MO","30_1_26",""
30,3,124,"Radio","Low Stores Medium Loyalty","SYRACUSE-NY","30_3_124",""
30,5,166,"Radio","Low Stores Low Loyalty","TALLHSSE/THMSVL-FL","30_5_166",""
30,3,25,"Radio","Low Stores Medium Loyalty","TERRE HAUTE-IN","30_3_25",""
30,4,141,"Radio","Medium Stores Low Loyalty","TMPA/ST.PT/LKLD-FL","30_4_141",""
30,1,70,"Radio","Medium Stores High Loyalty","TOLEDO-OH","30_1_70",""
30,1,72,"Radio","Medium Stores High Loyalty","TOPEKA-KS","30_1_72",""
30,3,104,"Radio","Low Stores Medium Loyalty","TRAVERSE CITY-MI","30_3_104",""
30,3,55,"Radio","Low Stores Medium Loyalty","TRI CITIES-TN","30_3_55",""
30,2,89,"Radio","High Stores High Loyalty","TRI-STATE-NY/NJ/CT","30_2_89",""
30,1,116,"Radio","Medium Stores High Loyalty","TUCSON-AZ","30_1_116",""
30,1,90,"Radio","Medium Stores High Loyalty","TULSA-OK","30_1_90",""
30,5,181,"Radio","Low Stores Low Loyalty","TYLER/LONGVIEW-TX","30_5_181",""
30,1,37,"Radio","Medium Stores High Loyalty","UTICA-NY","30_1_37",""
30,5,167,"Radio","Low Stores Low Loyalty","VICTORIA-TX","30_5_167",""
30,4,132,"Radio","Medium Stores Low Loyalty","WACO/TMPL/BRYAN-TX","30_4_132",""
30,1,81,"Radio","Medium Stores High Loyalty","WASHINGTON D.C.","30_1_81",""
30,1,31,"Radio","Medium Stores High Loyalty","WATERTOWN-NY","30_1_31",""
30,3,92,"Radio","Low Stores Medium Loyalty","WAUSAU-WI","30_3_92",""
30,3,176,"Radio","Low Stores Medium Loyalty","WEST PALM BEACH-FL","30_3_176",""
30,3,184,"Radio","Low Stores Medium Loyalty","WHEELING-WV","30_3_184",""
30,1,76,"Radio","Medium Stores High Loyalty","WICHITA-KS","30_1_76",""
30,3,8,"Radio","Low Stores Medium Loyalty","WILKES-BARRE-PA","30_3_8",""
30,1,127,"Radio","Medium Stores High Loyalty","WILMINGTON-NC","30_1_127",""
30,5,178,"Radio","Low Stores Low Loyalty","YAKIMA-WA","30_5_178",""
30,1,73,"Radio","Medium Stores High Loyalty","YOUNGSTOWN-OH","30_1_73",""
30,5,9,"Radio","Low Stores Low Loyalty","YUMA-AZ","30_5_9",""
30,3,53,"Radio","Low Stores Medium Loyalty","ZANESVILLE-OH","30_3_53",""
24,3,118,"Sunday","Low Stores Medium Loyalty","ALBANY-NY","24_3_118",""
24,1,162,"Sunday","Medium Stores High Loyalty","ALBQ/SANTA FE-NM","24_1_162",""
24,4,29,"Sunday","Medium Stores Low Loyalty","ATLANTA-GA","24_4_29",""
24,4,56,"Sunday","Medium Stores Low Loyalty","AUSTIN-TX","24_4_56",""
24,1,46,"Sunday","Medium Stores High Loyalty","BALTIMORE-MD","24_1_46",""
24,5,110,"Sunday","Low Stores Low Loyalty","BIRMINGHAM-AL","24_5_110",""
24,4,171,"Sunday","Medium Stores Low Loyalty","BOISE-ID","24_4_171",""
24,1,100,"Sunday","Medium Stores High Loyalty","BOSTON-MA","24_1_100",""
24,1,143,"Sunday","Medium Stores High Loyalty","BUFFALO-NY","24_1_143",""
24,1,67,"Sunday","Medium Stores High Loyalty","CEDAR RAPIDS-IA","24_1_67",""
24,5,128,"Sunday","Low Stores Low Loyalty","CHARLESTON-SC","24_5_128",""
24,4,77,"Sunday","Medium Stores Low Loyalty","CHARLOTTE-NC","24_4_77",""
24,5,91,"Sunday","Low Stores Low Loyalty","CHATTANOOGA-TN","24_5_91",""
24,2,4,"Sunday","High Stores High Loyalty","CHICAGO-IL","24_2_4",""
24,1,18,"Sunday","Medium Stores High Loyalty","CHMPGN/SPRINFD-IL","24_1_18",""
24,1,66,"Sunday","Medium Stores High Loyalty","CINCINNATI-OH","24_1_66",""
24,1,39,"Sunday","Medium Stores High Loyalty","CLEVELAND-OH","24_1_39",""
24,1,94,"Sunday","Medium Stores High Loyalty","COLORADO SPRNGS-CO","24_1_94",""
24,1,103,"Sunday","Medium Stores High Loyalty","COLUMBIA-SC","24_1_103",""
24,1,16,"Sunday","Medium Stores High Loyalty","COLUMBUS-OH","24_1_16",""
24,4,7,"Sunday","Medium Stores Low Loyalty","DALLAS-TX","24_4_7",""
24,3,63,"Sunday","Low Stores Medium Loyalty","DAVENPORT-IA","24_3_63",""
24,1,65,"Sunday","Medium Stores High Loyalty","DAYTON-OH","24_1_65",""
24,1,87,"Sunday","Medium Stores High Loyalty","DENVER-CO","24_1_87",""
24,4,19,"Sunday","Medium Stores Low Loyalty","DES MOINES-IA","24_4_19",""
24,1,2,"Sunday","Medium Stores High Loyalty","DETROIT-MI","24_1_2",""
24,4,97,"Sunday","Medium Stores Low Loyalty","EL PASO-TX","24_4_97",""
24,5,153,"Sunday","Low Stores Low Loyalty","EUGENE-OR","24_5_153",""
24,3,44,"Sunday","Low Stores Medium Loyalty","EVANSVILLE-IN","24_3_44",""
24,1,64,"Sunday","Medium Stores High Loyalty","FARGO-ND","24_1_64",""
24,4,93,"Sunday","Medium Stores Low Loyalty","FAYETTEVL/FT.SM-AR","24_4_93",""
24,3,34,"Sunday","Low Stores Medium Loyalty","FLNT/SGNW-BYCT-MI","24_3_34",""
24,3,154,"Sunday","Low Stores Medium Loyalty","FORT MYRS/NAPLS-FL","24_3_154",""
24,1,21,"Sunday","Medium Stores High Loyalty","FORT WAYNE-IN","24_1_21",""
24,4,120,"Sunday","Medium Stores Low Loyalty","FRESNO/VISALIA-CA","24_4_120",""
24,1,257,"Sunday","Medium Stores High Loyalty","GRD RPD KMZ-MI","24_1_257",""
24,1,17,"Sunday","Medium Stores High Loyalty","GREENBAY/APLTN-WI","24_1_17",""
24,3,82,"Sunday","Low Stores Medium Loyalty","GREENSBORO-NC","24_3_82",""
24,3,96,"Sunday","Low Stores Medium Loyalty","GREENVILLE-SC","24_3_96",""
24,1,54,"Sunday","Medium Stores High Loyalty","HBG/LANCAST-PA","24_1_54",""
24,4,98,"Sunday","Medium Stores Low Loyalty","HOUSTON-TX","24_4_98",""
24,3,102,"Sunday","Low Stores Medium Loyalty","HUNTSVILLE-AL","24_3_102",""
24,1,15,"Sunday","Medium Stores High Loyalty","INDIANAPOLIS-IN","24_1_15",""
24,1,135,"Sunday","Medium Stores High Loyalty","JACKSONVILLE-FL","24_1_135",""
24,4,71,"Sunday","Medium Stores Low Loyalty","KANSAS CT-KS / MO","24_4_71",""
24,3,85,"Sunday","Low Stores Medium Loyalty","KNOXVILLE-TN","24_3_85",""
24,1,12,"Sunday","Medium Stores High Loyalty","LA CRSE/EAU CL-WI","24_1_12",""
24,1,74,"Sunday","Medium Stores High Loyalty","LANSING/JACKSON-MI","24_1_74",""
24,4,113,"Sunday","Medium Stores Low Loyalty","LAS VEGAS-NV","24_4_113",""
24,4,45,"Sunday","Medium Stores Low Loyalty","LEXINGTON-KY","24_4_45",""
24,1,52,"Sunday","Medium Stores High Loyalty","LINCOLN-NE","24_1_52",""
24,5,119,"Sunday","Low Stores Low Loyalty","LITTLE ROCK-AR","24_5_119",""
24,2,60,"Sunday","High Stores High Loyalty","LOS ANGELES-CA","24_2_60",""
24,1,78,"Sunday","Medium Stores High Loyalty","LOUISVILLE-KY","24_1_78",""
24,1,27,"Sunday","Medium Stores High Loyalty","MADISON-WI","24_1_27",""
24,5,156,"Sunday","Low Stores Low Loyalty","MBLE/PNSCOLA-AL/FL","24_5_156",""
24,4,138,"Sunday","Medium Stores Low Loyalty","MCALLEN-TX","24_4_138",""
24,5,123,"Sunday","Low Stores Low Loyalty","MEMPHIS-TN","24_5_123",""
24,4,188,"Sunday","Medium Stores Low Loyalty","MIAMI/FT. LDRDA-FL","24_4_188",""
24,1,11,"Sunday","Medium Stores High Loyalty","MILWAUKEE-WI","24_1_11",""
24,1,13,"Sunday","Medium Stores High Loyalty","MINNEAPOLIS-MN","24_1_13",""
24,5,40,"Sunday","Low Stores Low Loyalty","MONTEREY/SALINA-CA","24_5_40",""
24,4,99,"Sunday","Medium Stores Low Loyalty","NASHVILLE-TN","24_4_99",""
24,1,41,"Sunday","Medium Stores High Loyalty","NEW HAVEN/HARTD-CT","24_1_41",""
24,1,38,"Sunday","Medium Stores High Loyalty","NORFOLK-VA","24_1_38",""
24,4,22,"Sunday","Medium Stores Low Loyalty","OKLAHOMA CITY-OK","24_4_22",""
24,4,24,"Sunday","Medium Stores Low Loyalty","OMAHA-NE","24_4_24",""
24,4,140,"Sunday","Medium Stores Low Loyalty","ORLNDO/DYTNA/MB-FL","24_4_140",""
24,3,36,"Sunday","Low Stores Medium Loyalty","PADUCAH-KY","24_3_36",""
24,1,14,"Sunday","Medium Stores High Loyalty","PEORIA/BLMNGTN-IL","24_1_14",""
24,1,35,"Sunday","Medium Stores High Loyalty","PHILADELPHIA-PA","24_1_35",""
24,4,107,"Sunday","Medium Stores Low Loyalty","PHOENIX-AZ","24_4_107",""
24,1,83,"Sunday","Medium Stores High Loyalty","PITTSBURGH-PA","24_1_83",""
24,3,48,"Sunday","Low Stores Medium Loyalty","PORTLAND-ME","24_3_48",""
24,4,148,"Sunday","Medium Stores Low Loyalty","PORTLAND-OR","24_4_148",""
24,1,101,"Sunday","Medium Stores High Loyalty","PROVIDENCE-RI","24_1_101",""
24,4,50,"Sunday","Medium Stores Low Loyalty","RALEIGH-NC","24_4_50",""
24,1,145,"Sunday","Medium Stores High Loyalty","RENO-NV","24_1_145",""
24,1,86,"Sunday","Medium Stores High Loyalty","RICHMOND-VA","24_1_86",""
24,3,57,"Sunday","Low Stores Medium Loyalty","ROANOKE/LYCHBRG-VA","24_3_57",""
24,3,130,"Sunday","Low Stores Medium Loyalty","ROCHESTER-NY","24_3_130",""
24,4,112,"Sunday","Medium Stores Low Loyalty","SACRAMENTO-CA","24_4_112",""
24,4,58,"Sunday","Medium Stores Low Loyalty","SALT LAKE CITY-UT","24_4_58",""
24,4,109,"Sunday","Medium Stores Low Loyalty","SAN ANTONIO-TX","24_4_109",""
24,4,114,"Sunday","Medium Stores Low Loyalty","SAN DIEGO-CA","24_4_114",""
24,4,126,"Sunday","Medium Stores Low Loyalty","SAN FRANCISCO-CA","24_4_126",""
24,1,95,"Sunday","Medium Stores High Loyalty","SANTA BARBARA-CA","24_1_95",""
24,4,155,"Sunday","Medium Stores Low Loyalty","SEATTLE-WA","24_4_155",""
24,3,79,"Sunday","Low Stores Medium Loyalty","SOUTH BEND-IN","24_3_79",""
24,5,174,"Sunday","Low Stores Low Loyalty","SPOKANE-WA","24_5_174",""
24,3,108,"Sunday","Low Stores Medium Loyalty","SPRINGFIELD-MA","24_3_108",""
24,1,75,"Sunday","Medium Stores High Loyalty","SPRINGFIELD-MO","24_1_75",""
24,1,26,"Sunday","Medium Stores High Loyalty","ST. LOUIS-MO","24_1_26",""
24,3,124,"Sunday","Low Stores Medium Loyalty","SYRACUSE-NY","24_3_124",""
24,4,141,"Sunday","Medium Stores Low Loyalty","TMPA/ST.PT/LKLD-FL","24_4_141",""
24,1,70,"Sunday","Medium Stores High Loyalty","TOLEDO-OH","24_1_70",""
24,3,55,"Sunday","Low Stores Medium Loyalty","TRI CITIES-TN","24_3_55",""
24,2,89,"Sunday","High Stores High Loyalty","TRI-STATE-NY/NJ/CT","24_2_89",""
24,1,116,"Sunday","Medium Stores High Loyalty","TUCSON-AZ","24_1_116",""
24,1,90,"Sunday","Medium Stores High Loyalty","TULSA-OK","24_1_90",""
24,4,132,"Sunday","Medium Stores Low Loyalty","WACO/TMPL/BRYAN-TX","24_4_132",""
24,1,81,"Sunday","Medium Stores High Loyalty","WASHINGTON D.C.","24_1_81",""
24,3,176,"Sunday","Low Stores Medium Loyalty","WEST PALM BEACH-FL","24_3_176",""
24,1,76,"Sunday","Medium Stores High Loyalty","WICHITA-KS","24_1_76",""
24,3,8,"Sunday","Low Stores Medium Loyalty","WILKES-BARRE-PA","24_3_8",""
24,5,178,"Sunday","Low Stores Low Loyalty","YAKIMA-WA","24_5_178",""
24,1,73,"Sunday","Medium Stores High Loyalty","YOUNGSTOWN-OH","24_1_73",""
76,5,179,"TV Brand","Low Stores Low Loyalty","ABILENE-TX","76_5_179",""
76,5,186,"TV Brand","Low Stores Low Loyalty","ALBANY-GA","76_5_186",""
76,3,118,"TV Brand","Low Stores Medium Loyalty","ALBANY-NY","76_3_118",""
76,1,162,"TV Brand","Medium Stores High Loyalty","ALBQ/SANTA FE-NM","76_1_162",""
76,4,129,"TV Brand","Medium Stores Low Loyalty","AMARILLO-TX","76_4_129",""
76,1,190,"TV Brand","Medium Stores High Loyalty","ANCHORAGE-AK","76_1_190",""
76,4,29,"TV Brand","Medium Stores Low Loyalty","ATLANTA-GA","76_4_29",""
76,1,42,"TV Brand","Medium Stores High Loyalty","AUGUSTA-GA","76_1_42",""
76,4,56,"TV Brand","Medium Stores Low Loyalty","AUSTIN-TX","76_4_56",""
76,1,121,"TV Brand","Medium Stores High Loyalty","BAKERSFIELD-CA","76_1_121",""
76,1,46,"TV Brand","Medium Stores High Loyalty","BALTIMORE-MD","76_1_46",""
76,3,61,"TV Brand","Low Stores Medium Loyalty","BANGOR-ME","76_3_61",""
76,5,159,"TV Brand","Low Stores Low Loyalty","BATON ROUGE-LA","76_5_159",""
76,5,62,"TV Brand","Low Stores Low Loyalty","BEAUMT/PORT ART-TX","76_5_62",""
76,5,191,"TV Brand","Low Stores Low Loyalty","BEND-OR","76_5_191",""
76,1,189,"TV Brand","Medium Stores High Loyalty","BILLINGS-MT","76_1_189",""
76,5,192,"TV Brand","Low Stores Low Loyalty","BILOXI/GULFPORT-MS","76_5_192",""
76,1,84,"TV Brand","Medium Stores High Loyalty","BINGHAMTON-NY","76_1_84",""
76,5,110,"TV Brand","Low Stores Low Loyalty","BIRMINGHAM-AL","76_5_110",""
76,3,152,"TV Brand","Low Stores Medium Loyalty","BLUEFIELD-WV","76_3_152",""
76,4,171,"TV Brand","Medium Stores Low Loyalty","BOISE-ID","76_4_171",""
76,1,100,"TV Brand","Medium Stores High Loyalty","BOSTON-MA","76_1_100",""
76,1,33,"TV Brand","Medium Stores High Loyalty","BOWLING GREEN-KY","76_1_33",""
76,3,122,"TV Brand","Low Stores Medium Loyalty","BRLGTN-PLATTSBG-VT","76_3_122",""
76,1,143,"TV Brand","Medium Stores High Loyalty","BUFFALO-NY","76_1_143",""
76,5,196,"TV Brand","Low Stores Low Loyalty","BUTTE/BOZEMAN-MT","76_5_196",""
76,5,197,"TV Brand","Low Stores Low Loyalty","CASPER/RIVERTON-WY","76_5_197",""
76,1,67,"TV Brand","Medium Stores High Loyalty","CEDAR RAPIDS-IA","76_1_67",""
76,5,128,"TV Brand","Low Stores Low Loyalty","CHARLESTON-SC","76_5_128",""
76,4,77,"TV Brand","Medium Stores Low Loyalty","CHARLOTTE-NC","76_4_77",""
76,5,195,"TV Brand","Low Stores Low Loyalty","CHARLOTTESVILLE","76_5_195",""
76,5,91,"TV Brand","Low Stores Low Loyalty","CHATTANOOGA-TN","76_5_91",""
76,5,185,"TV Brand","Low Stores Low Loyalty","CHEYENNE- WY","76_5_185",""
76,2,4,"TV Brand","High Stores High Loyalty","CHICAGO-IL","76_2_4",""
76,1,158,"TV Brand","Medium Stores High Loyalty","CHICO/REDDING-CA","76_1_158",""
76,1,18,"TV Brand","Medium Stores High Loyalty","CHMPGN/SPRINFD-IL","76_1_18",""
76,3,80,"TV Brand","Low Stores Medium Loyalty","CHRLSTN/HNTNGTN-WV","76_3_80",""
76,1,66,"TV Brand","Medium Stores High Loyalty","CINCINNATI-OH","76_1_66",""
76,3,6,"TV Brand","Low Stores Medium Loyalty","CLARKSBURG-WV","76_3_6",""
76,1,39,"TV Brand","Medium Stores High Loyalty","CLEVELAND-OH","76_1_39",""
76,1,149,"TV Brand","Medium Stores High Loyalty","COLMBA/JEFFRSON-MO","76_1_149",""
76,5,182,"TV Brand","Low Stores Low Loyalty","COLMBS/TPLO/WPT-MS","76_5_182",""
76,1,94,"TV Brand","Medium Stores High Loyalty","COLORADO SPRNGS-CO","76_1_94",""
76,1,103,"TV Brand","Medium Stores High Loyalty","COLUMBIA-SC","76_1_103",""
76,5,151,"TV Brand","Low Stores Low Loyalty","COLUMBUS-GA","76_5_151",""
76,1,16,"TV Brand","Medium Stores High Loyalty","COLUMBUS-OH","76_1_16",""
76,1,117,"TV Brand","Medium Stores High Loyalty","CORPUS CHRISTI-TX","76_1_117",""
76,4,7,"TV Brand","Medium Stores Low Loyalty","DALLAS-TX","76_4_7",""
76,3,63,"TV Brand","Low Stores Medium Loyalty","DAVENPORT-IA","76_3_63",""
76,1,65,"TV Brand","Medium Stores High Loyalty","DAYTON-OH","76_1_65",""
76,1,87,"TV Brand","Medium Stores High Loyalty","DENVER-CO","76_1_87",""
76,4,19,"TV Brand","Medium Stores Low Loyalty","DES MOINES-IA","76_4_19",""
76,1,2,"TV Brand","Medium Stores High Loyalty","DETROIT-MI","76_1_2",""
76,5,180,"TV Brand","Low Stores Low Loyalty","DOTHAN-AL","76_5_180",""
76,1,68,"TV Brand","Medium Stores High Loyalty","DULUTH-MN","76_1_68",""
76,4,97,"TV Brand","Medium Stores Low Loyalty","EL PASO-TX","76_4_97",""
76,3,10,"TV Brand","Low Stores Medium Loyalty","ELMIRA-NY","76_3_10",""
76,1,69,"TV Brand","Medium Stores High Loyalty","ERIE-PA","76_1_69",""
76,5,153,"TV Brand","Low Stores Low Loyalty","EUGENE-OR","76_5_153",""
76,5,194,"TV Brand","Low Stores Low Loyalty","EUREKA-CA","76_5_194",""
76,3,44,"TV Brand","Low Stores Medium Loyalty","EVANSVILLE-IN","76_3_44",""
76,1,64,"TV Brand","Medium Stores High Loyalty","FARGO-ND","76_1_64",""
76,4,93,"TV Brand","Medium Stores Low Loyalty","FAYETTEVL/FT.SM-AR","76_4_93",""
76,6,111,"TV Brand","Other","FLAGSTAFF-AZ","76_6_111",""
76,3,34,"TV Brand","Low Stores Medium Loyalty","FLNT/SGNW-BYCT-MI","76_3_34",""
76,4,163,"TV Brand","Medium Stores Low Loyalty","FLORNCE/MRTL BE-SC","76_4_163",""
76,3,154,"TV Brand","Low Stores Medium Loyalty","FORT MYRS/NAPLS-FL","76_3_154",""
76,1,21,"TV Brand","Medium Stores High Loyalty","FORT WAYNE-IN","76_1_21",""
76,4,120,"TV Brand","Medium Stores Low Loyalty","FRESNO/VISALIA-CA","76_4_120",""
76,5,187,"TV Brand","Low Stores Low Loyalty","GAINESVILLE-FL","76_5_187",""
76,1,5,"TV Brand","Medium Stores High Loyalty","GRD JCT/MNTS-CO","76_1_5",""
76,1,3,"TV Brand","Medium Stores High Loyalty","GRD RPD, KMZ-MI","76_1_3",""
76,1,17,"TV Brand","Medium Stores High Loyalty","GREENBAY/APLTN-WI","76_1_17",""
76,3,82,"TV Brand","Low Stores Medium Loyalty","GREENSBORO-NC","76_3_82",""
76,5,170,"TV Brand","Low Stores Low Loyalty","GREENVILLE-NC","76_5_170",""
76,3,96,"TV Brand","Low Stores Medium Loyalty","GREENVILLE-SC","76_3_96",""
76,3,125,"TV Brand","Low Stores Medium Loyalty","HARRISONBURG-VA","76_3_125",""
76,5,183,"TV Brand","Low Stores Low Loyalty","HATTSBURG/LAURL-MS","76_5_183",""
76,1,54,"TV Brand","Medium Stores High Loyalty","HBG/LANCAST-PA","76_1_54",""
76,4,98,"TV Brand","Medium Stores Low Loyalty","HOUSTON-TX","76_4_98",""
76,3,102,"TV Brand","Low Stores Medium Loyalty","HUNTSVILLE-AL","76_3_102",""
76,4,169,"TV Brand","Medium Stores Low Loyalty","IDHO FLS/POCTLO-ID","76_4_169",""
76,1,15,"TV Brand","Medium Stores High Loyalty","INDIANAPOLIS-IN","76_1_15",""
76,5,134,"TV Brand","Low Stores Low Loyalty","JACKSON-MS","76_5_134",""
76,5,136,"TV Brand","Low Stores Low Loyalty","JACKSON-TN","76_5_136",""
76,1,135,"TV Brand","Medium Stores High Loyalty","JACKSONVILLE-FL","76_1_135",""
76,3,144,"TV Brand","Low Stores Medium Loyalty","JOHNSTOWN/ALTNA-PA","76_3_144",""
76,5,157,"TV Brand","Low Stores Low Loyalty","JONESBORO-AR","76_5_157",""
76,1,49,"TV Brand","Medium Stores High Loyalty","JOPLIN/PTSBURG-MO","76_1_49",""
76,4,71,"TV Brand","Medium Stores Low Loyalty","KANSAS CT-KS / MO","76_4_71",""
76,3,85,"TV Brand","Low Stores Medium Loyalty","KNOXVILLE-TN","76_3_85",""
76,1,12,"TV Brand","Medium Stores High Loyalty","LA CRSE/EAU CL-WI","76_1_12",""
76,1,28,"TV Brand","Medium Stores High Loyalty","LAFAYETTE-IN","76_1_28",""
76,5,160,"TV Brand","Low Stores Low Loyalty","LAFAYETTE-LA","76_5_160",""
76,5,193,"TV Brand","Low Stores Low Loyalty","LAKE CHARLES-LA","76_5_193",""
76,1,74,"TV Brand","Medium Stores High Loyalty","LANSING/JACKSON-MI","76_1_74",""
76,4,164,"TV Brand","Medium Stores Low Loyalty","LAREDO-TX","76_4_164",""
76,4,113,"TV Brand","Medium Stores Low Loyalty","LAS VEGAS-NV","76_4_113",""
76,4,45,"TV Brand","Medium Stores Low Loyalty","LEXINGTON-KY","76_4_45",""
76,3,106,"TV Brand","Low Stores Medium Loyalty","LIMA-OH","76_3_106",""
76,1,52,"TV Brand","Medium Stores High Loyalty","LINCOLN-NE","76_1_52",""
76,5,119,"TV Brand","Low Stores Low Loyalty","LITTLE ROCK-AR","76_5_119",""
76,2,60,"TV Brand","High Stores High Loyalty","LOS ANGELES-CA","76_2_60",""
76,1,78,"TV Brand","Medium Stores High Loyalty","LOUISVILLE-KY","76_1_78",""
76,1,137,"TV Brand","Medium Stores High Loyalty","LUBBOCK-TX","76_1_137",""
76,5,147,"TV Brand","Low Stores Low Loyalty","MACON-GA","76_5_147",""
76,1,27,"TV Brand","Medium Stores High Loyalty","MADISON-WI","76_1_27",""
76,1,105,"TV Brand","Medium Stores High Loyalty","MANKATO-MN","76_1_105",""
76,3,131,"TV Brand","Low Stores Medium Loyalty","MARQUETTE-MI","76_3_131",""
76,5,156,"TV Brand","Low Stores Low Loyalty","MBLE/PNSCOLA-AL/FL","76_5_156",""
76,4,138,"TV Brand","Medium Stores Low Loyalty","MCALLEN-TX","76_4_138",""
76,3,168,"TV Brand","Low Stores Medium Loyalty","MDFRD/KLMATH FA-OR","76_3_168",""
76,5,123,"TV Brand","Low Stores Low Loyalty","MEMPHIS-TN","76_5_123",""
76,4,188,"TV Brand","Medium Stores Low Loyalty","MIAMI/FT. LDRDA-FL","76_4_188",""
76,4,139,"TV Brand","Medium Stores Low Loyalty","MIDLAND-TX","76_4_139",""
76,1,11,"TV Brand","Medium Stores High Loyalty","MILWAUKEE-WI","76_1_11",""
76,1,13,"TV Brand","Medium Stores High Loyalty","MINNEAPOLIS-MN","76_1_13",""
76,1,51,"TV Brand","Medium Stores High Loyalty","MINOT/BISMARCK-ND","76_1_51",""
76,5,177,"TV Brand","Low Stores Low Loyalty","MONROE/EL DORDO-LA","76_5_177",""
76,5,40,"TV Brand","Low Stores Low Loyalty","MONTEREY/SALINA-CA","76_5_40",""
76,5,133,"TV Brand","Low Stores Low Loyalty","MONTGOMERY-AL","76_5_133",""
76,4,99,"TV Brand","Medium Stores Low Loyalty","NASHVILLE-TN","76_4_99",""
76,1,41,"TV Brand","Medium Stores High Loyalty","NEW HAVEN/HARTD-CT","76_1_41",""
76,5,172,"TV Brand","Low Stores Low Loyalty","NEW ORLEANS-LA","76_5_172",""
76,1,38,"TV Brand","Medium Stores High Loyalty","NORFOLK-VA","76_1_38",""
76,4,22,"TV Brand","Medium Stores Low Loyalty","OKLAHOMA CITY-OK","76_4_22",""
76,4,24,"TV Brand","Medium Stores Low Loyalty","OMAHA-NE","76_4_24",""
76,4,140,"TV Brand","Medium Stores Low Loyalty","ORLNDO/DYTNA/MB-FL","76_4_140",""
76,3,36,"TV Brand","Low Stores Medium Loyalty","PADUCAH-KY","76_3_36",""
76,4,115,"TV Brand","Medium Stores Low Loyalty","PALM SPRINGS-CA","76_4_115",""
76,3,173,"TV Brand","Low Stores Medium Loyalty","PANAMA CITY-FL","76_3_173",""
76,3,165,"TV Brand","Low Stores Medium Loyalty","PARKERSBURG-WV","76_3_165",""
76,1,14,"TV Brand","Medium Stores High Loyalty","PEORIA/BLMNGTN-IL","76_1_14",""
76,1,35,"TV Brand","Medium Stores High Loyalty","PHILADELPHIA-PA","76_1_35",""
76,4,107,"TV Brand","Medium Stores Low Loyalty","PHOENIX-AZ","76_4_107",""
76,1,83,"TV Brand","Medium Stores High Loyalty","PITTSBURGH-PA","76_1_83",""
76,3,48,"TV Brand","Low Stores Medium Loyalty","PORTLAND-ME","76_3_48",""
76,4,148,"TV Brand","Medium Stores Low Loyalty","PORTLAND-OR","76_4_148",""
76,1,101,"TV Brand","Medium Stores High Loyalty","PROVIDENCE-RI","76_1_101",""
76,3,146,"TV Brand","Low Stores Medium Loyalty","QUINCY-IL","76_3_146",""
76,4,50,"TV Brand","Medium Stores Low Loyalty","RALEIGH-NC","76_4_50",""
76,1,142,"TV Brand","Medium Stores High Loyalty","RAPID CITY-SD","76_1_142",""
76,1,145,"TV Brand","Medium Stores High Loyalty","RENO-NV","76_1_145",""
76,1,86,"TV Brand","Medium Stores High Loyalty","RICHMOND-VA","76_1_86",""
76,3,57,"TV Brand","Low Stores Medium Loyalty","ROANOKE/LYCHBRG-VA","76_3_57",""
76,1,88,"TV Brand","Medium Stores High Loyalty","ROCHESTER-MN","76_1_88",""
76,3,130,"TV Brand","Low Stores Medium Loyalty","ROCHESTER-NY","76_3_130",""
76,1,30,"TV Brand","Medium Stores High Loyalty","ROCKFORD-IL","76_1_30",""
76,4,112,"TV Brand","Medium Stores Low Loyalty","SACRAMENTO-CA","76_4_112",""
76,3,47,"TV Brand","Low Stores Medium Loyalty","SALISBURY-MD","76_3_47",""
76,4,58,"TV Brand","Medium Stores Low Loyalty","SALT LAKE CITY-UT","76_4_58",""
76,4,109,"TV Brand","Medium Stores Low Loyalty","SAN ANTONIO-TX","76_4_109",""
76,4,114,"TV Brand","Medium Stores Low Loyalty","SAN DIEGO-CA","76_4_114",""
76,4,126,"TV Brand","Medium Stores Low Loyalty","SAN FRANCISCO-CA","76_4_126",""
76,1,95,"TV Brand","Medium Stores High Loyalty","SANTA BARBARA-CA","76_1_95",""
76,4,155,"TV Brand","Medium Stores Low Loyalty","SEATTLE-WA","76_4_155",""
76,5,32,"TV Brand","Low Stores Low Loyalty","SHERMAN/ADA-TX","76_5_32",""
76,5,161,"TV Brand","Low Stores Low Loyalty","SHREVEPORT-LA","76_5_161",""
76,1,43,"TV Brand","Medium Stores High Loyalty","SIOUX CITY-IA","76_1_43",""
76,1,20,"TV Brand","Medium Stores High Loyalty","SIOUX FALLS-SD","76_1_20",""
76,3,79,"TV Brand","Low Stores Medium Loyalty","SOUTH BEND-IN","76_3_79",""
76,5,174,"TV Brand","Low Stores Low Loyalty","SPOKANE-WA","76_5_174",""
76,3,108,"TV Brand","Low Stores Medium Loyalty","SPRINGFIELD-MA","76_3_108",""
76,1,75,"TV Brand","Medium Stores High Loyalty","SPRINGFIELD-MO","76_1_75",""
76,5,59,"TV Brand","Low Stores Low Loyalty","ST. JOSEPH-MO","76_5_59",""
76,1,26,"TV Brand","Medium Stores High Loyalty","ST. LOUIS-MO","76_1_26",""
76,3,124,"TV Brand","Low Stores Medium Loyalty","SYRACUSE-NY","76_3_124",""
76,5,166,"TV Brand","Low Stores Low Loyalty","TALLHSSE/THMSVL-FL","76_5_166",""
76,3,25,"TV Brand","Low Stores Medium Loyalty","TERRE HAUTE-IN","76_3_25",""
76,4,141,"TV Brand","Medium Stores Low Loyalty","TMPA/ST.PT/LKLD-FL","76_4_141",""
76,1,70,"TV Brand","Medium Stores High Loyalty","TOLEDO-OH","76_1_70",""
76,1,72,"TV Brand","Medium Stores High Loyalty","TOPEKA-KS","76_1_72",""
76,3,104,"TV Brand","Low Stores Medium Loyalty","TRAVERSE CITY-MI","76_3_104",""
76,3,55,"TV Brand","Low Stores Medium Loyalty","TRI CITIES-TN","76_3_55",""
76,2,89,"TV Brand","High Stores High Loyalty","TRI-STATE-NY/NJ/CT","76_2_89",""
76,1,116,"TV Brand","Medium Stores High Loyalty","TUCSON-AZ","76_1_116",""
76,1,90,"TV Brand","Medium Stores High Loyalty","TULSA-OK","76_1_90",""
76,5,181,"TV Brand","Low Stores Low Loyalty","TYLER/LONGVIEW-TX","76_5_181",""
76,1,37,"TV Brand","Medium Stores High Loyalty","UTICA-NY","76_1_37",""
76,5,167,"TV Brand","Low Stores Low Loyalty","VICTORIA-TX","76_5_167",""
76,4,132,"TV Brand","Medium Stores Low Loyalty","WACO/TMPL/BRYAN-TX","76_4_132",""
76,1,81,"TV Brand","Medium Stores High Loyalty","WASHINGTON D.C.","76_1_81",""
76,1,31,"TV Brand","Medium Stores High Loyalty","WATERTOWN-NY","76_1_31",""
76,3,92,"TV Brand","Low Stores Medium Loyalty","WAUSAU-WI","76_3_92",""
76,3,176,"TV Brand","Low Stores Medium Loyalty","WEST PALM BEACH-FL","76_3_176",""
76,3,184,"TV Brand","Low Stores Medium Loyalty","WHEELING-WV","76_3_184",""
76,1,76,"TV Brand","Medium Stores High Loyalty","WICHITA-KS","76_1_76",""
76,3,8,"TV Brand","Low Stores Medium Loyalty","WILKES-BARRE-PA","76_3_8",""
76,1,127,"TV Brand","Medium Stores High Loyalty","WILMINGTON-NC","76_1_127",""
76,5,178,"TV Brand","Low Stores Low Loyalty","YAKIMA-WA","76_5_178",""
76,1,73,"TV Brand","Medium Stores High Loyalty","YOUNGSTOWN-OH","76_1_73",""
76,5,9,"TV Brand","Low Stores Low Loyalty","YUMA-AZ","76_5_9",""
76,3,53,"TV Brand","Low Stores Medium Loyalty","ZANESVILLE-OH","76_3_53",""
77,5,179,"TV Event","Low Stores Low Loyalty","ABILENE-TX","77_5_179",""
77,5,186,"TV Event","Low Stores Low Loyalty","ALBANY-GA","77_5_186",""
77,3,118,"TV Event","Low Stores Medium Loyalty","ALBANY-NY","77_3_118",""
77,1,162,"TV Event","Medium Stores High Loyalty","ALBQ/SANTA FE-NM","77_1_162",""
77,4,129,"TV Event","Medium Stores Low Loyalty","AMARILLO-TX","77_4_129",""
77,1,190,"TV Event","Medium Stores High Loyalty","ANCHORAGE-AK","77_1_190",""
77,4,29,"TV Event","Medium Stores Low Loyalty","ATLANTA-GA","77_4_29",""
77,1,42,"TV Event","Medium Stores High Loyalty","AUGUSTA-GA","77_1_42",""
77,4,56,"TV Event","Medium Stores Low Loyalty","AUSTIN-TX","77_4_56",""
77,1,121,"TV Event","Medium Stores High Loyalty","BAKERSFIELD-CA","77_1_121",""
77,1,46,"TV Event","Medium Stores High Loyalty","BALTIMORE-MD","77_1_46",""
77,3,61,"TV Event","Low Stores Medium Loyalty","BANGOR-ME","77_3_61",""
77,5,159,"TV Event","Low Stores Low Loyalty","BATON ROUGE-LA","77_5_159",""
77,5,62,"TV Event","Low Stores Low Loyalty","BEAUMT/PORT ART-TX","77_5_62",""
77,5,191,"TV Event","Low Stores Low Loyalty","BEND-OR","77_5_191",""
77,1,189,"TV Event","Medium Stores High Loyalty","BILLINGS-MT","77_1_189",""
77,5,192,"TV Event","Low Stores Low Loyalty","BILOXI/GULFPORT-MS","77_5_192",""
77,1,84,"TV Event","Medium Stores High Loyalty","BINGHAMTON-NY","77_1_84",""
77,5,110,"TV Event","Low Stores Low Loyalty","BIRMINGHAM-AL","77_5_110",""
77,3,152,"TV Event","Low Stores Medium Loyalty","BLUEFIELD-WV","77_3_152",""
77,4,171,"TV Event","Medium Stores Low Loyalty","BOISE-ID","77_4_171",""
77,1,100,"TV Event","Medium Stores High Loyalty","BOSTON-MA","77_1_100",""
77,1,33,"TV Event","Medium Stores High Loyalty","BOWLING GREEN-KY","77_1_33",""
77,3,122,"TV Event","Low Stores Medium Loyalty","BRLGTN-PLATTSBG-VT","77_3_122",""
77,1,143,"TV Event","Medium Stores High Loyalty","BUFFALO-NY","77_1_143",""
77,5,196,"TV Event","Low Stores Low Loyalty","BUTTE/BOZEMAN-MT","77_5_196",""
77,5,197,"TV Event","Low Stores Low Loyalty","CASPER/RIVERTON-WY","77_5_197",""
77,1,67,"TV Event","Medium Stores High Loyalty","CEDAR RAPIDS-IA","77_1_67",""
77,5,128,"TV Event","Low Stores Low Loyalty","CHARLESTON-SC","77_5_128",""
77,4,77,"TV Event","Medium Stores Low Loyalty","CHARLOTTE-NC","77_4_77",""
77,5,195,"TV Event","Low Stores Low Loyalty","CHARLOTTESVILLE","77_5_195",""
77,5,91,"TV Event","Low Stores Low Loyalty","CHATTANOOGA-TN","77_5_91",""
77,5,185,"TV Event","Low Stores Low Loyalty","CHEYENNE- WY","77_5_185",""
77,2,4,"TV Event","High Stores High Loyalty","CHICAGO-IL","77_2_4",""
77,1,158,"TV Event","Medium Stores High Loyalty","CHICO/REDDING-CA","77_1_158",""
77,1,18,"TV Event","Medium Stores High Loyalty","CHMPGN/SPRINFD-IL","77_1_18",""
77,3,80,"TV Event","Low Stores Medium Loyalty","CHRLSTN/HNTNGTN-WV","77_3_80",""
77,1,66,"TV Event","Medium Stores High Loyalty","CINCINNATI-OH","77_1_66",""
77,3,6,"TV Event","Low Stores Medium Loyalty","CLARKSBURG-WV","77_3_6",""
77,1,39,"TV Event","Medium Stores High Loyalty","CLEVELAND-OH","77_1_39",""
77,1,149,"TV Event","Medium Stores High Loyalty","COLMBA/JEFFRSON-MO","77_1_149",""
77,5,182,"TV Event","Low Stores Low Loyalty","COLMBS/TPLO/WPT-MS","77_5_182",""
77,1,94,"TV Event","Medium Stores High Loyalty","COLORADO SPRNGS-CO","77_1_94",""
77,1,103,"TV Event","Medium Stores High Loyalty","COLUMBIA-SC","77_1_103",""
77,5,151,"TV Event","Low Stores Low Loyalty","COLUMBUS-GA","77_5_151",""
77,1,16,"TV Event","Medium Stores High Loyalty","COLUMBUS-OH","77_1_16",""
77,1,117,"TV Event","Medium Stores High Loyalty","CORPUS CHRISTI-TX","77_1_117",""
77,4,7,"TV Event","Medium Stores Low Loyalty","DALLAS-TX","77_4_7",""
77,3,63,"TV Event","Low Stores Medium Loyalty","DAVENPORT-IA","77_3_63",""
77,1,65,"TV Event","Medium Stores High Loyalty","DAYTON-OH","77_1_65",""
77,1,87,"TV Event","Medium Stores High Loyalty","DENVER-CO","77_1_87",""
77,4,19,"TV Event","Medium Stores Low Loyalty","DES MOINES-IA","77_4_19",""
77,1,2,"TV Event","Medium Stores High Loyalty","DETROIT-MI","77_1_2",""
77,5,180,"TV Event","Low Stores Low Loyalty","DOTHAN-AL","77_5_180",""
77,1,68,"TV Event","Medium Stores High Loyalty","DULUTH-MN","77_1_68",""
77,4,97,"TV Event","Medium Stores Low Loyalty","EL PASO-TX","77_4_97",""
77,3,10,"TV Event","Low Stores Medium Loyalty","ELMIRA-NY","77_3_10",""
77,1,69,"TV Event","Medium Stores High Loyalty","ERIE-PA","77_1_69",""
77,5,153,"TV Event","Low Stores Low Loyalty","EUGENE-OR","77_5_153",""
77,5,194,"TV Event","Low Stores Low Loyalty","EUREKA-CA","77_5_194",""
77,3,44,"TV Event","Low Stores Medium Loyalty","EVANSVILLE-IN","77_3_44",""
77,1,64,"TV Event","Medium Stores High Loyalty","FARGO-ND","77_1_64",""
77,4,93,"TV Event","Medium Stores Low Loyalty","FAYETTEVL/FT.SM-AR","77_4_93",""
77,6,111,"TV Event","Other","FLAGSTAFF-AZ","77_6_111",""
77,3,34,"TV Event","Low Stores Medium Loyalty","FLNT/SGNW-BYCT-MI","77_3_34",""
77,4,163,"TV Event","Medium Stores Low Loyalty","FLORNCE/MRTL BE-SC","77_4_163",""
77,3,154,"TV Event","Low Stores Medium Loyalty","FORT MYRS/NAPLS-FL","77_3_154",""
77,1,21,"TV Event","Medium Stores High Loyalty","FORT WAYNE-IN","77_1_21",""
77,4,120,"TV Event","Medium Stores Low Loyalty","FRESNO/VISALIA-CA","77_4_120",""
77,5,187,"TV Event","Low Stores Low Loyalty","GAINESVILLE-FL","77_5_187",""
77,1,5,"TV Event","Medium Stores High Loyalty","GRD JCT/MNTS-CO","77_1_5",""
77,1,3,"TV Event","Medium Stores High Loyalty","GRD RPD, KMZ-MI","77_1_3",""
77,1,17,"TV Event","Medium Stores High Loyalty","GREENBAY/APLTN-WI","77_1_17",""
77,3,82,"TV Event","Low Stores Medium Loyalty","GREENSBORO-NC","77_3_82",""
77,5,170,"TV Event","Low Stores Low Loyalty","GREENVILLE-NC","77_5_170",""
77,3,96,"TV Event","Low Stores Medium Loyalty","GREENVILLE-SC","77_3_96",""
77,3,125,"TV Event","Low Stores Medium Loyalty","HARRISONBURG-VA","77_3_125",""
77,5,183,"TV Event","Low Stores Low Loyalty","HATTSBURG/LAURL-MS","77_5_183",""
77,1,54,"TV Event","Medium Stores High Loyalty","HBG/LANCAST-PA","77_1_54",""
77,4,98,"TV Event","Medium Stores Low Loyalty","HOUSTON-TX","77_4_98",""
77,3,102,"TV Event","Low Stores Medium Loyalty","HUNTSVILLE-AL","77_3_102",""
77,4,169,"TV Event","Medium Stores Low Loyalty","IDHO FLS/POCTLO-ID","77_4_169",""
77,1,15,"TV Event","Medium Stores High Loyalty","INDIANAPOLIS-IN","77_1_15",""
77,5,134,"TV Event","Low Stores Low Loyalty","JACKSON-MS","77_5_134",""
77,5,136,"TV Event","Low Stores Low Loyalty","JACKSON-TN","77_5_136",""
77,1,135,"TV Event","Medium Stores High Loyalty","JACKSONVILLE-FL","77_1_135",""
77,3,144,"TV Event","Low Stores Medium Loyalty","JOHNSTOWN/ALTNA-PA","77_3_144",""
77,5,157,"TV Event","Low Stores Low Loyalty","JONESBORO-AR","77_5_157",""
77,1,49,"TV Event","Medium Stores High Loyalty","JOPLIN/PTSBURG-MO","77_1_49",""
77,4,71,"TV Event","Medium Stores Low Loyalty","KANSAS CT-KS / MO","77_4_71",""
77,3,85,"TV Event","Low Stores Medium Loyalty","KNOXVILLE-TN","77_3_85",""
77,1,12,"TV Event","Medium Stores High Loyalty","LA CRSE/EAU CL-WI","77_1_12",""
77,1,28,"TV Event","Medium Stores High Loyalty","LAFAYETTE-IN","77_1_28",""
77,5,160,"TV Event","Low Stores Low Loyalty","LAFAYETTE-LA","77_5_160",""
77,5,193,"TV Event","Low Stores Low Loyalty","LAKE CHARLES-LA","77_5_193",""
77,1,74,"TV Event","Medium Stores High Loyalty","LANSING/JACKSON-MI","77_1_74",""
77,4,164,"TV Event","Medium Stores Low Loyalty","LAREDO-TX","77_4_164",""
77,4,113,"TV Event","Medium Stores Low Loyalty","LAS VEGAS-NV","77_4_113",""
77,4,45,"TV Event","Medium Stores Low Loyalty","LEXINGTON-KY","77_4_45",""
77,3,106,"TV Event","Low Stores Medium Loyalty","LIMA-OH","77_3_106",""
77,1,52,"TV Event","Medium Stores High Loyalty","LINCOLN-NE","77_1_52",""
77,5,119,"TV Event","Low Stores Low Loyalty","LITTLE ROCK-AR","77_5_119",""
77,2,60,"TV Event","High Stores High Loyalty","LOS ANGELES-CA","77_2_60",""
77,1,78,"TV Event","Medium Stores High Loyalty","LOUISVILLE-KY","77_1_78",""
77,1,137,"TV Event","Medium Stores High Loyalty","LUBBOCK-TX","77_1_137",""
77,5,147,"TV Event","Low Stores Low Loyalty","MACON-GA","77_5_147",""
77,1,27,"TV Event","Medium Stores High Loyalty","MADISON-WI","77_1_27",""
77,1,105,"TV Event","Medium Stores High Loyalty","MANKATO-MN","77_1_105",""
77,3,131,"TV Event","Low Stores Medium Loyalty","MARQUETTE-MI","77_3_131",""
77,5,156,"TV Event","Low Stores Low Loyalty","MBLE/PNSCOLA-AL/FL","77_5_156",""
77,4,138,"TV Event","Medium Stores Low Loyalty","MCALLEN-TX","77_4_138",""
77,3,168,"TV Event","Low Stores Medium Loyalty","MDFRD/KLMATH FA-OR","77_3_168",""
77,5,123,"TV Event","Low Stores Low Loyalty","MEMPHIS-TN","77_5_123",""
77,4,188,"TV Event","Medium Stores Low Loyalty","MIAMI/FT. LDRDA-FL","77_4_188",""
77,4,139,"TV Event","Medium Stores Low Loyalty","MIDLAND-TX","77_4_139",""
77,1,11,"TV Event","Medium Stores High Loyalty","MILWAUKEE-WI","77_1_11",""
77,1,13,"TV Event","Medium Stores High Loyalty","MINNEAPOLIS-MN","77_1_13",""
77,1,51,"TV Event","Medium Stores High Loyalty","MINOT/BISMARCK-ND","77_1_51",""
77,5,177,"TV Event","Low Stores Low Loyalty","MONROE/EL DORDO-LA","77_5_177",""
77,5,40,"TV Event","Low Stores Low Loyalty","MONTEREY/SALINA-CA","77_5_40",""
77,5,133,"TV Event","Low Stores Low Loyalty","MONTGOMERY-AL","77_5_133",""
77,4,99,"TV Event","Medium Stores Low Loyalty","NASHVILLE-TN","77_4_99",""
77,1,41,"TV Event","Medium Stores High Loyalty","NEW HAVEN/HARTD-CT","77_1_41",""
77,5,172,"TV Event","Low Stores Low Loyalty","NEW ORLEANS-LA","77_5_172",""
77,1,38,"TV Event","Medium Stores High Loyalty","NORFOLK-VA","77_1_38",""
77,4,22,"TV Event","Medium Stores Low Loyalty","OKLAHOMA CITY-OK","77_4_22",""
77,4,24,"TV Event","Medium Stores Low Loyalty","OMAHA-NE","77_4_24",""
77,4,140,"TV Event","Medium Stores Low Loyalty","ORLNDO/DYTNA/MB-FL","77_4_140",""
77,3,36,"TV Event","Low Stores Medium Loyalty","PADUCAH-KY","77_3_36",""
77,4,115,"TV Event","Medium Stores Low Loyalty","PALM SPRINGS-CA","77_4_115",""
77,3,173,"TV Event","Low Stores Medium Loyalty","PANAMA CITY-FL","77_3_173",""
77,3,165,"TV Event","Low Stores Medium Loyalty","PARKERSBURG-WV","77_3_165",""
77,1,14,"TV Event","Medium Stores High Loyalty","PEORIA/BLMNGTN-IL","77_1_14",""
77,1,35,"TV Event","Medium Stores High Loyalty","PHILADELPHIA-PA","77_1_35",""
77,4,107,"TV Event","Medium Stores Low Loyalty","PHOENIX-AZ","77_4_107",""
77,1,83,"TV Event","Medium Stores High Loyalty","PITTSBURGH-PA","77_1_83",""
77,3,48,"TV Event","Low Stores Medium Loyalty","PORTLAND-ME","77_3_48",""
77,4,148,"TV Event","Medium Stores Low Loyalty","PORTLAND-OR","77_4_148",""
77,1,101,"TV Event","Medium Stores High Loyalty","PROVIDENCE-RI","77_1_101",""
77,3,146,"TV Event","Low Stores Medium Loyalty","QUINCY-IL","77_3_146",""
77,4,50,"TV Event","Medium Stores Low Loyalty","RALEIGH-NC","77_4_50",""
77,1,142,"TV Event","Medium Stores High Loyalty","RAPID CITY-SD","77_1_142",""
77,1,145,"TV Event","Medium Stores High Loyalty","RENO-NV","77_1_145",""
77,1,86,"TV Event","Medium Stores High Loyalty","RICHMOND-VA","77_1_86",""
77,3,57,"TV Event","Low Stores Medium Loyalty","ROANOKE/LYCHBRG-VA","77_3_57",""
77,1,88,"TV Event","Medium Stores High Loyalty","ROCHESTER-MN","77_1_88",""
77,3,130,"TV Event","Low Stores Medium Loyalty","ROCHESTER-NY","77_3_130",""
77,1,30,"TV Event","Medium Stores High Loyalty","ROCKFORD-IL","77_1_30",""
77,4,112,"TV Event","Medium Stores Low Loyalty","SACRAMENTO-CA","77_4_112",""
77,3,47,"TV Event","Low Stores Medium Loyalty","SALISBURY-MD","77_3_47",""
77,4,58,"TV Event","Medium Stores Low Loyalty","SALT LAKE CITY-UT","77_4_58",""
77,4,109,"TV Event","Medium Stores Low Loyalty","SAN ANTONIO-TX","77_4_109",""
77,4,114,"TV Event","Medium Stores Low Loyalty","SAN DIEGO-CA","77_4_114",""
77,4,126,"TV Event","Medium Stores Low Loyalty","SAN FRANCISCO-CA","77_4_126",""
77,1,95,"TV Event","Medium Stores High Loyalty","SANTA BARBARA-CA","77_1_95",""
77,4,155,"TV Event","Medium Stores Low Loyalty","SEATTLE-WA","77_4_155",""
77,5,32,"TV Event","Low Stores Low Loyalty","SHERMAN/ADA-TX","77_5_32",""
77,5,161,"TV Event","Low Stores Low Loyalty","SHREVEPORT-LA","77_5_161",""
77,1,43,"TV Event","Medium Stores High Loyalty","SIOUX CITY-IA","77_1_43",""
77,1,20,"TV Event","Medium Stores High Loyalty","SIOUX FALLS-SD","77_1_20",""
77,3,79,"TV Event","Low Stores Medium Loyalty","SOUTH BEND-IN","77_3_79",""
77,5,174,"TV Event","Low Stores Low Loyalty","SPOKANE-WA","77_5_174",""
77,3,108,"TV Event","Low Stores Medium Loyalty","SPRINGFIELD-MA","77_3_108",""
77,1,75,"TV Event","Medium Stores High Loyalty","SPRINGFIELD-MO","77_1_75",""
77,5,59,"TV Event","Low Stores Low Loyalty","ST. JOSEPH-MO","77_5_59",""
77,1,26,"TV Event","Medium Stores High Loyalty","ST. LOUIS-MO","77_1_26",""
77,3,124,"TV Event","Low Stores Medium Loyalty","SYRACUSE-NY","77_3_124",""
77,5,166,"TV Event","Low Stores Low Loyalty","TALLHSSE/THMSVL-FL","77_5_166",""
77,3,25,"TV Event","Low Stores Medium Loyalty","TERRE HAUTE-IN","77_3_25",""
77,4,141,"TV Event","Medium Stores Low Loyalty","TMPA/ST.PT/LKLD-FL","77_4_141",""
77,1,70,"TV Event","Medium Stores High Loyalty","TOLEDO-OH","77_1_70",""
77,1,72,"TV Event","Medium Stores High Loyalty","TOPEKA-KS","77_1_72",""
77,3,104,"TV Event","Low Stores Medium Loyalty","TRAVERSE CITY-MI","77_3_104",""
77,3,55,"TV Event","Low Stores Medium Loyalty","TRI CITIES-TN","77_3_55",""
77,2,89,"TV Event","High Stores High Loyalty","TRI-STATE-NY/NJ/CT","77_2_89",""
77,1,116,"TV Event","Medium Stores High Loyalty","TUCSON-AZ","77_1_116",""
77,1,90,"TV Event","Medium Stores High Loyalty","TULSA-OK","77_1_90",""
77,5,181,"TV Event","Low Stores Low Loyalty","TYLER/LONGVIEW-TX","77_5_181",""
77,1,37,"TV Event","Medium Stores High Loyalty","UTICA-NY","77_1_37",""
77,5,167,"TV Event","Low Stores Low Loyalty","VICTORIA-TX","77_5_167",""
77,4,132,"TV Event","Medium Stores Low Loyalty","WACO/TMPL/BRYAN-TX","77_4_132",""
77,1,81,"TV Event","Medium Stores High Loyalty","WASHINGTON D.C.","77_1_81",""
77,1,31,"TV Event","Medium Stores High Loyalty","WATERTOWN-NY","77_1_31",""
77,3,92,"TV Event","Low Stores Medium Loyalty","WAUSAU-WI","77_3_92",""
77,3,176,"TV Event","Low Stores Medium Loyalty","WEST PALM BEACH-FL","77_3_176",""
77,3,184,"TV Event","Low Stores Medium Loyalty","WHEELING-WV","77_3_184",""
77,1,76,"TV Event","Medium Stores High Loyalty","WICHITA-KS","77_1_76",""
77,3,8,"TV Event","Low Stores Medium Loyalty","WILKES-BARRE-PA","77_3_8",""
77,1,127,"TV Event","Medium Stores High Loyalty","WILMINGTON-NC","77_1_127",""
77,5,178,"TV Event","Low Stores Low Loyalty","YAKIMA-WA","77_5_178",""
77,1,73,"TV Event","Medium Stores High Loyalty","YOUNGSTOWN-OH","77_1_73",""
77,5,9,"TV Event","Low Stores Low Loyalty","YUMA-AZ","77_5_9",""
77,3,53,"TV Event","Low Stores Medium Loyalty","ZANESVILLE-OH","77_3_53",""
25,3,118,"Weekend","Low Stores Medium Loyalty","ALBANY-NY","25_3_118",""
25,1,162,"Weekend","Medium Stores High Loyalty","ALBQ/SANTA FE-NM","25_1_162",""
25,4,29,"Weekend","Medium Stores Low Loyalty","ATLANTA-GA","25_4_29",""
25,4,56,"Weekend","Medium Stores Low Loyalty","AUSTIN-TX","25_4_56",""
25,1,121,"Weekend","Medium Stores High Loyalty","BAKERSFIELD-CA","25_1_121",""
25,1,46,"Weekend","Medium Stores High Loyalty","BALTIMORE-MD","25_1_46",""
25,5,110,"Weekend","Low Stores Low Loyalty","BIRMINGHAM-AL","25_5_110",""
25,4,171,"Weekend","Medium Stores Low Loyalty","BOISE-ID","25_4_171",""
25,1,100,"Weekend","Medium Stores High Loyalty","BOSTON-MA","25_1_100",""
25,1,143,"Weekend","Medium Stores High Loyalty","BUFFALO-NY","25_1_143",""
25,1,67,"Weekend","Medium Stores High Loyalty","CEDAR RAPIDS-IA","25_1_67",""
25,5,128,"Weekend","Low Stores Low Loyalty","CHARLESTON-SC","25_5_128",""
25,4,77,"Weekend","Medium Stores Low Loyalty","CHARLOTTE-NC","25_4_77",""
25,5,91,"Weekend","Low Stores Low Loyalty","CHATTANOOGA-TN","25_5_91",""
25,2,4,"Weekend","High Stores High Loyalty","CHICAGO-IL","25_2_4",""
25,1,158,"Weekend","Medium Stores High Loyalty","CHICO/REDDING-CA","25_1_158",""
25,1,18,"Weekend","Medium Stores High Loyalty","CHMPGN/SPRINFD-IL","25_1_18",""
25,3,80,"Weekend","Low Stores Medium Loyalty","CHRLSTN/HNTNGTN-WV","25_3_80",""
25,1,66,"Weekend","Medium Stores High Loyalty","CINCINNATI-OH","25_1_66",""
25,1,39,"Weekend","Medium Stores High Loyalty","CLEVELAND-OH","25_1_39",""
25,1,149,"Weekend","Medium Stores High Loyalty","COLMBA/JEFFRSON-MO","25_1_149",""
25,1,94,"Weekend","Medium Stores High Loyalty","COLORADO SPRNGS-CO","25_1_94",""
25,1,103,"Weekend","Medium Stores High Loyalty","COLUMBIA-SC","25_1_103",""
25,5,151,"Weekend","Low Stores Low Loyalty","COLUMBUS-GA","25_5_151",""
25,1,16,"Weekend","Medium Stores High Loyalty","COLUMBUS-OH","25_1_16",""
25,4,7,"Weekend","Medium Stores Low Loyalty","DALLAS-TX","25_4_7",""
25,3,63,"Weekend","Low Stores Medium Loyalty","DAVENPORT-IA","25_3_63",""
25,1,65,"Weekend","Medium Stores High Loyalty","DAYTON-OH","25_1_65",""
25,1,87,"Weekend","Medium Stores High Loyalty","DENVER-CO","25_1_87",""
25,4,19,"Weekend","Medium Stores Low Loyalty","DES MOINES-IA","25_4_19",""
25,1,2,"Weekend","Medium Stores High Loyalty","DETROIT-MI","25_1_2",""
25,4,97,"Weekend","Medium Stores Low Loyalty","EL PASO-TX","25_4_97",""
25,1,69,"Weekend","Medium Stores High Loyalty","ERIE-PA","25_1_69",""
25,5,153,"Weekend","Low Stores Low Loyalty","EUGENE-OR","25_5_153",""
25,3,44,"Weekend","Low Stores Medium Loyalty","EVANSVILLE-IN","25_3_44",""
25,1,64,"Weekend","Medium Stores High Loyalty","FARGO-ND","25_1_64",""
25,4,93,"Weekend","Medium Stores Low Loyalty","FAYETTEVL/FT.SM-AR","25_4_93",""
25,3,34,"Weekend","Low Stores Medium Loyalty","FLNT/SGNW-BYCT-MI","25_3_34",""
25,4,163,"Weekend","Medium Stores Low Loyalty","FLORNCE/MRTL BE-SC","25_4_163",""
25,3,154,"Weekend","Low Stores Medium Loyalty","FORT MYRS/NAPLS-FL","25_3_154",""
25,1,21,"Weekend","Medium Stores High Loyalty","FORT WAYNE-IN","25_1_21",""
25,4,120,"Weekend","Medium Stores Low Loyalty","FRESNO/VISALIA-CA","25_4_120",""
25,1,257,"Weekend","Medium Stores High Loyalty","GRD RPD KMZ-MI","25_1_257",""
25,1,17,"Weekend","Medium Stores High Loyalty","GREENBAY/APLTN-WI","25_1_17",""
25,3,82,"Weekend","Low Stores Medium Loyalty","GREENSBORO-NC","25_3_82",""
25,3,96,"Weekend","Low Stores Medium Loyalty","GREENVILLE-SC","25_3_96",""
25,3,125,"Weekend","Low Stores Medium Loyalty","HARRISONBURG-VA","25_3_125",""
25,1,54,"Weekend","Medium Stores High Loyalty","HBG/LANCAST-PA","25_1_54",""
25,4,98,"Weekend","Medium Stores Low Loyalty","HOUSTON-TX","25_4_98",""
25,3,102,"Weekend","Low Stores Medium Loyalty","HUNTSVILLE-AL","25_3_102",""
25,1,15,"Weekend","Medium Stores High Loyalty","INDIANAPOLIS-IN","25_1_15",""
25,1,135,"Weekend","Medium Stores High Loyalty","JACKSONVILLE-FL","25_1_135",""
25,3,144,"Weekend","Low Stores Medium Loyalty","JOHNSTOWN/ALTNA-PA","25_3_144",""
25,4,71,"Weekend","Medium Stores Low Loyalty","KANSAS CT-KS / MO","25_4_71",""
25,3,85,"Weekend","Low Stores Medium Loyalty","KNOXVILLE-TN","25_3_85",""
25,1,12,"Weekend","Medium Stores High Loyalty","LA CRSE/EAU CL-WI","25_1_12",""
25,1,74,"Weekend","Medium Stores High Loyalty","LANSING/JACKSON-MI","25_1_74",""
25,4,113,"Weekend","Medium Stores Low Loyalty","LAS VEGAS-NV","25_4_113",""
25,4,45,"Weekend","Medium Stores Low Loyalty","LEXINGTON-KY","25_4_45",""
25,1,52,"Weekend","Medium Stores High Loyalty","LINCOLN-NE","25_1_52",""
25,5,119,"Weekend","Low Stores Low Loyalty","LITTLE ROCK-AR","25_5_119",""
25,2,60,"Weekend","High Stores High Loyalty","LOS ANGELES-CA","25_2_60",""
25,1,78,"Weekend","Medium Stores High Loyalty","LOUISVILLE-KY","25_1_78",""
25,1,27,"Weekend","Medium Stores High Loyalty","MADISON-WI","25_1_27",""
25,5,156,"Weekend","Low Stores Low Loyalty","MBLE/PNSCOLA-AL/FL","25_5_156",""
25,4,138,"Weekend","Medium Stores Low Loyalty","MCALLEN-TX","25_4_138",""
25,5,123,"Weekend","Low Stores Low Loyalty","MEMPHIS-TN","25_5_123",""
25,4,188,"Weekend","Medium Stores Low Loyalty","MIAMI/FT. LDRDA-FL","25_4_188",""
25,1,11,"Weekend","Medium Stores High Loyalty","MILWAUKEE-WI","25_1_11",""
25,1,13,"Weekend","Medium Stores High Loyalty","MINNEAPOLIS-MN","25_1_13",""
25,5,40,"Weekend","Low Stores Low Loyalty","MONTEREY/SALINA-CA","25_5_40",""
25,4,99,"Weekend","Medium Stores Low Loyalty","NASHVILLE-TN","25_4_99",""
25,1,41,"Weekend","Medium Stores High Loyalty","NEW HAVEN/HARTD-CT","25_1_41",""
25,5,172,"Weekend","Low Stores Low Loyalty","NEW ORLEANS-LA","25_5_172",""
25,1,38,"Weekend","Medium Stores High Loyalty","NORFOLK-VA","25_1_38",""
25,4,22,"Weekend","Medium Stores Low Loyalty","OKLAHOMA CITY-OK","25_4_22",""
25,4,24,"Weekend","Medium Stores Low Loyalty","OMAHA-NE","25_4_24",""
25,4,140,"Weekend","Medium Stores Low Loyalty","ORLNDO/DYTNA/MB-FL","25_4_140",""
25,3,36,"Weekend","Low Stores Medium Loyalty","PADUCAH-KY","25_3_36",""
25,4,115,"Weekend","Medium Stores Low Loyalty","PALM SPRINGS-CA","25_4_115",""
25,1,14,"Weekend","Medium Stores High Loyalty","PEORIA/BLMNGTN-IL","25_1_14",""
25,1,35,"Weekend","Medium Stores High Loyalty","PHILADELPHIA-PA","25_1_35",""
25,4,107,"Weekend","Medium Stores Low Loyalty","PHOENIX-AZ","25_4_107",""
25,1,83,"Weekend","Medium Stores High Loyalty","PITTSBURGH-PA","25_1_83",""
25,3,48,"Weekend","Low Stores Medium Loyalty","PORTLAND-ME","25_3_48",""
25,4,148,"Weekend","Medium Stores Low Loyalty","PORTLAND-OR","25_4_148",""
25,1,101,"Weekend","Medium Stores High Loyalty","PROVIDENCE-RI","25_1_101",""
25,4,50,"Weekend","Medium Stores Low Loyalty","RALEIGH-NC","25_4_50",""
25,1,145,"Weekend","Medium Stores High Loyalty","RENO-NV","25_1_145",""
25,1,86,"Weekend","Medium Stores High Loyalty","RICHMOND-VA","25_1_86",""
25,3,57,"Weekend","Low Stores Medium Loyalty","ROANOKE/LYCHBRG-VA","25_3_57",""
25,1,88,"Weekend","Medium Stores High Loyalty","ROCHESTER-MN","25_1_88",""
25,3,130,"Weekend","Low Stores Medium Loyalty","ROCHESTER-NY","25_3_130",""
25,1,30,"Weekend","Medium Stores High Loyalty","ROCKFORD-IL","25_1_30",""
25,4,112,"Weekend","Medium Stores Low Loyalty","SACRAMENTO-CA","25_4_112",""
25,4,58,"Weekend","Medium Stores Low Loyalty","SALT LAKE CITY-UT","25_4_58",""
25,4,109,"Weekend","Medium Stores Low Loyalty","SAN ANTONIO-TX","25_4_109",""
25,4,114,"Weekend","Medium Stores Low Loyalty","SAN DIEGO-CA","25_4_114",""
25,4,126,"Weekend","Medium Stores Low Loyalty","SAN FRANCISCO-CA","25_4_126",""
25,1,95,"Weekend","Medium Stores High Loyalty","SANTA BARBARA-CA","25_1_95",""
25,4,155,"Weekend","Medium Stores Low Loyalty","SEATTLE-WA","25_4_155",""
25,3,79,"Weekend","Low Stores Medium Loyalty","SOUTH BEND-IN","25_3_79",""
25,5,174,"Weekend","Low Stores Low Loyalty","SPOKANE-WA","25_5_174",""
25,3,108,"Weekend","Low Stores Medium Loyalty","SPRINGFIELD-MA","25_3_108",""
25,1,75,"Weekend","Medium Stores High Loyalty","SPRINGFIELD-MO","25_1_75",""
25,1,26,"Weekend","Medium Stores High Loyalty","ST. LOUIS-MO","25_1_26",""
25,3,124,"Weekend","Low Stores Medium Loyalty","SYRACUSE-NY","25_3_124",""
25,5,166,"Weekend","Low Stores Low Loyalty","TALLHSSE/THMSVL-FL","25_5_166",""
25,4,141,"Weekend","Medium Stores Low Loyalty","TMPA/ST.PT/LKLD-FL","25_4_141",""
25,1,70,"Weekend","Medium Stores High Loyalty","TOLEDO-OH","25_1_70",""
25,3,104,"Weekend","Low Stores Medium Loyalty","TRAVERSE CITY-MI","25_3_104",""
25,3,55,"Weekend","Low Stores Medium Loyalty","TRI CITIES-TN","25_3_55",""
25,2,89,"Weekend","High Stores High Loyalty","TRI-STATE-NY/NJ/CT","25_2_89",""
25,1,116,"Weekend","Medium Stores High Loyalty","TUCSON-AZ","25_1_116",""
25,1,90,"Weekend","Medium Stores High Loyalty","TULSA-OK","25_1_90",""
25,4,132,"Weekend","Medium Stores Low Loyalty","WACO/TMPL/BRYAN-TX","25_4_132",""
25,1,81,"Weekend","Medium Stores High Loyalty","WASHINGTON D.C.","25_1_81",""
25,3,92,"Weekend","Low Stores Medium Loyalty","WAUSAU-WI","25_3_92",""
25,3,176,"Weekend","Low Stores Medium Loyalty","WEST PALM BEACH-FL","25_3_176",""
25,1,76,"Weekend","Medium Stores High Loyalty","WICHITA-KS","25_1_76",""
25,3,8,"Weekend","Low Stores Medium Loyalty","WILKES-BARRE-PA","25_3_8",""
25,5,178,"Weekend","Low Stores Low Loyalty","YAKIMA-WA","25_5_178",""
25,1,73,"Weekend","Medium Stores High Loyalty","YOUNGSTOWN-OH","25_1_73",""
25,5,9,"Weekend","Low Stores Low Loyalty","YUMA-AZ","25_5_9",""
